split,image,width,height,bytes,n_objects
train,DSC_5680_JPG_jpg.rf.0e8fab6b4147b9903e4cbafd1f3a53b9.jpg,640,640,150135,13
train,DSC_5680_JPG_jpg.rf.2d23835436518f374db7efbd67cd4250.jpg,640,640,127455,13
train,DSC_5680_JPG_jpg.rf.87ff6fc53a3ac59a77800956c1beff56.jpg,640,640,120868,13
train,DSC_5680_JPG_jpg.rf.9b5bea11eeae2cb907605b8bae390107.jpg,640,640,126433,13
train,DSC_5680_JPG_jpg.rf.a1fd48dddc66060e78cbcd4adf968875.jpg,640,640,138389,13
train,DSC_5680_JPG_jpg.rf.b0800b6ed8e4b84f3920252011fa7c3d.jpg,640,640,172427,13
train,DSC_5680_JPG_jpg.rf.d1a2286883d79bca737890073b657c03.jpg,640,640,35720,13
train,DSC_5680_JPG_jpg.rf.de3d64e4efab955108d309d69f599d74.jpg,640,640,99684,13
train,DSC_5681_JPG_jpg.rf.33b9c0132528afe55176c217148eb485.jpg,640,640,149464,13
train,DSC_5681_JPG_jpg.rf.3b26550359d14b7c4bc7bbd32e902df7.jpg,640,640,150183,13
train,DSC_5681_JPG_jpg.rf.4fdfcb6824fa65224a04cfe415cefde0.jpg,640,640,166284,13
train,DSC_5681_JPG_jpg.rf.589bbd60a16f8f4e8ab4296addb543fb.jpg,640,640,88607,13
train,DSC_5681_JPG_jpg.rf.7301557a974fc4e88018d062ca5fcf42.jpg,640,640,128269,13
train,DSC_5681_JPG_jpg.rf.786fef1be1bacf40ba5765de716dcf73.jpg,640,640,171268,13
train,DSC_5681_JPG_jpg.rf.d9072fff9e9fb56962bad90da9065d8c.jpg,640,640,175497,13
train,DSC_5681_JPG_jpg.rf.db0a2e91e5cb48fec2eaed0431645c10.jpg,640,640,144679,13
train,DSC_5682_JPG_jpg.rf.2f6212a20360d8520bbca9c53df33ff8.jpg,640,640,111597,14
train,DSC_5682_JPG_jpg.rf.3f3b3d0bcdcf6d148aa46ca3522ec573.jpg,640,640,154065,14
train,DSC_5682_JPG_jpg.rf.410f6ec707bbd9f56c49a720088ab5db.jpg,640,640,88780,14
train,DSC_5682_JPG_jpg.rf.49cf5e19c91a7aadf47d0bb832f5cd32.jpg,640,640,107678,14
train,DSC_5682_JPG_jpg.rf.6147084149dfd484f85b6a652651c933.jpg,640,640,89297,14
train,DSC_5682_JPG_jpg.rf.63c7d3c0c6c76fe146a33945171924eb.jpg,640,640,84386,14
train,DSC_5682_JPG_jpg.rf.af1284fa061a949e81568e4342092d76.jpg,640,640,119743,14
train,DSC_5682_JPG_jpg.rf.e66f7ec0dd3f96f7d66ea05eb5d5e8a2.jpg,640,640,171429,14
train,DSC_5682_JPG_jpg.rf.f834b31179733679e673f96f6eaa16c2.jpg,640,640,119743,14
train,DSC_5684_JPG_jpg.rf.06bafdb250122f2970604522d9ff8dc4.jpg,640,640,153776,14
train,DSC_5684_JPG_jpg.rf.10b2ac70e03b95e7f37431d6de98d6e2.jpg,640,640,177383,14
train,DSC_5684_JPG_jpg.rf.13c12b227966723958007467901a9acf.jpg,640,640,165214,14
train,DSC_5684_JPG_jpg.rf.3ce6615d7fc67b1aee176464d148a474.jpg,640,640,112939,14
train,DSC_5684_JPG_jpg.rf.4d58e24432e210965f89dcc5091eb512.jpg,640,640,133198,14
train,DSC_5684_JPG_jpg.rf.637984af9f6a6c4b964e894af13f82df.jpg,640,640,56935,14
train,DSC_5684_JPG_jpg.rf.9bc1a6f16ae7148cbbb53bfd34a50ba8.jpg,640,640,158946,14
train,DSC_5684_JPG_jpg.rf.f02aa264bc8a511e42ae9bb6b81f6e1c.jpg,640,640,134339,14
train,DSC_5685_JPG_jpg.rf.1fdc29e66bd4217216f888b317470cd4.jpg,640,640,174853,14
train,DSC_5685_JPG_jpg.rf.282685ae87c343568402f7a0b1980dbc.jpg,640,640,156531,14
train,DSC_5685_JPG_jpg.rf.33ce5c6aa4a239db250faf008ec15588.jpg,640,640,159672,14
train,DSC_5685_JPG_jpg.rf.4f1701e10b9ca5d1100d26bf39b235a7.jpg,640,640,143881,14
train,DSC_5685_JPG_jpg.rf.6038015fd5d0292a72bbd25733bf8e8f.jpg,640,640,149328,14
train,DSC_5685_JPG_jpg.rf.696fdbb025bfe1ac89622032987201ef.jpg,640,640,163524,14
train,DSC_5685_JPG_jpg.rf.80cd27c4c4ccbca22f5b043956559335.jpg,640,640,173160,14
train,DSC_5685_JPG_jpg.rf.f3341e6b1c2177cc0f8224235f89a2f8.jpg,640,640,57898,14
train,DSC_5687_JPG_jpg.rf.05f819a65cd337f38d34764bd5ff1ac1.jpg,640,640,55545,15
train,DSC_5687_JPG_jpg.rf.130b72616c5182ad7783043debaf6de5.jpg,640,640,90726,15
train,DSC_5687_JPG_jpg.rf.28485339ca9fb6073286cf737ebc94b2.jpg,640,640,138261,15
train,DSC_5687_JPG_jpg.rf.4ddb66fe4058ac88f7937e90cba1f710.jpg,640,640,145506,15
train,DSC_5687_JPG_jpg.rf.69fa80bdbbd72eb0853151e078be9d06.jpg,640,640,169501,15
train,DSC_5687_JPG_jpg.rf.b55a2a2641d9fdbc566e195a54996fb2.jpg,640,640,138689,15
train,DSC_5687_JPG_jpg.rf.be07027d3d7f35405c135514ba795d77.jpg,640,640,151309,15
train,DSC_5687_JPG_jpg.rf.cbbc0144cfa5c39db2557a41ffe0cabc.jpg,640,640,151309,15
train,DSC_5687_JPG_jpg.rf.ec4fe2e567ebcf20ab3594f5d53541a5.jpg,640,640,38202,15
train,DSC_5688_JPG_jpg.rf.2ab30c02fc12a85aa69a1b3896035013.jpg,640,640,156213,15
train,DSC_5688_JPG_jpg.rf.38377d161b76b372e289de533ca4dea6.jpg,640,640,39771,15
train,DSC_5688_JPG_jpg.rf.3e53fb77988959e222abf20d9f27de3f.jpg,640,640,89933,15
train,DSC_5688_JPG_jpg.rf.65d3bb9bbc68dc29a46af127b374cfcb.jpg,640,640,154382,15
train,DSC_5688_JPG_jpg.rf.71bfca322e9aa56f883d701af9a1addb.jpg,640,640,74057,15
train,DSC_5688_JPG_jpg.rf.c87f9228cc01501f3e4050e983588332.jpg,640,640,118845,15
train,DSC_5688_JPG_jpg.rf.f3ec489091a249405a80d2370a392851.jpg,640,640,109633,15
train,DSC_5688_JPG_jpg.rf.f4141ed8812a2b6c82ed3f5358033076.jpg,640,640,134319,15
train,DSC_5689_JPG_jpg.rf.1dff69b5a4488dd45ca1828e3d39a106.jpg,640,640,171538,15
train,DSC_5689_JPG_jpg.rf.4f02649b3a28f401dc1e3d0a3239b336.jpg,640,640,75160,15
train,DSC_5689_JPG_jpg.rf.5348e37dd550eb5ca6d22c59591c92ef.jpg,640,640,156160,15
train,DSC_5689_JPG_jpg.rf.88e6e85b9885f4f763723806b000f327.jpg,640,640,159468,15
train,DSC_5689_JPG_jpg.rf.df674b19bad30de0bed9c4240c91ce81.jpg,640,640,171275,15
train,DSC_5689_JPG_jpg.rf.e36ee2fb0b070b8b69602e62ba2bdf33.jpg,640,640,164865,15
train,DSC_5689_JPG_jpg.rf.e8658071e53a8af2aec05d92315c5c37.jpg,640,640,129593,15
train,DSC_5689_JPG_jpg.rf.fb91f11c98e961823dc9e7335163b276.jpg,640,640,159778,15
train,DSC_5690_JPG_jpg.rf.20921b0b254468de587c96838a33bc52.jpg,640,640,119991,15
train,DSC_5690_JPG_jpg.rf.308af09ed0e84cbcddde2b4ae9e4f63d.jpg,640,640,144968,15
train,DSC_5690_JPG_jpg.rf.44120696ddcb15095e47614ae80ad753.jpg,640,640,127843,15
train,DSC_5690_JPG_jpg.rf.491503e4707aaf290bafd90c46e71be0.jpg,640,640,165766,15
train,DSC_5690_JPG_jpg.rf.55d7f91b54045314de33a842f18f5557.jpg,640,640,153971,15
train,DSC_5690_JPG_jpg.rf.9a31f742ab45d1febb3f34d7400bae26.jpg,640,640,127843,15
train,DSC_5690_JPG_jpg.rf.a77cb19ebda31626442bf779cbe8670c.jpg,640,640,134301,15
train,DSC_5690_JPG_jpg.rf.dc2e328ac19d05b845ad52cf86807f70.jpg,640,640,100440,15
train,DSC_5690_JPG_jpg.rf.eba42c9cd4c6fbc2ba91fc2f3d188b05.jpg,640,640,150012,15
train,DSC_5691_JPG_jpg.rf.2c2528f688744423f4ee216041486deb.jpg,640,640,152472,15
train,DSC_5691_JPG_jpg.rf.54c2739eeed92417032ca7159f47df12.jpg,640,640,155780,15
train,DSC_5691_JPG_jpg.rf.8b2bb292372b393b1d27223fe39b7392.jpg,640,640,158043,15
train,DSC_5691_JPG_jpg.rf.a2f8d6cef68a504165d426bff3e0b971.jpg,640,640,139977,15
train,DSC_5691_JPG_jpg.rf.a89f6c4d50770647cfebeebae0256d95.jpg,640,640,56849,15
train,DSC_5691_JPG_jpg.rf.ca511ce51a9c295b5f2e483642df18a7.jpg,640,640,156511,15
train,DSC_5691_JPG_jpg.rf.cc8086a7726cb4d01f64b52ee5dfb962.jpg,640,640,103094,15
train,DSC_5691_JPG_jpg.rf.fb23c36fbd755fb68e7366a06b7cccf6.jpg,640,640,119650,15
train,DSC_5692_JPG_jpg.rf.135d7a503b95e670633b7fcd99246368.jpg,640,640,151948,15
train,DSC_5692_JPG_jpg.rf.2edb58f4c7c0ab64b6019c54e89709e6.jpg,640,640,120946,15
train,DSC_5692_JPG_jpg.rf.3b3917e54e2785db980d0eeec0ec3275.jpg,640,640,148103,15
train,DSC_5692_JPG_jpg.rf.439798907d2c776817305b272cd9844b.jpg,640,640,36899,15
train,DSC_5692_JPG_jpg.rf.483cbc44affabe9240e32c1c5e7f9e19.jpg,640,640,175094,15
train,DSC_5692_JPG_jpg.rf.72707ebca2d8464b9265e34d5262f0c6.jpg,640,640,37548,15
train,DSC_5692_JPG_jpg.rf.b8edce933ae750cf4bbba40a52717237.jpg,640,640,142826,15
train,DSC_5692_JPG_jpg.rf.ce7e28a34014573cdc67ecd9f67d6059.jpg,640,640,109282,15
train,DSC_5693_JPG_jpg.rf.2c7a133a8d876a4b2dd85e7e760ea99c.jpg,640,640,139900,15
train,DSC_5693_JPG_jpg.rf.4f38a49347eb7213c584bb84e09827ff.jpg,640,640,101177,15
train,DSC_5693_JPG_jpg.rf.83738b596411e0e28a98f1c8b2753bc5.jpg,640,640,119642,15
train,DSC_5693_JPG_jpg.rf.b8d9e725323e4fd77de7e86e6dcb082c.jpg,640,640,150017,15
train,DSC_5693_JPG_jpg.rf.cdb708d126957ac1aa57e2d2616ef29d.jpg,640,640,148542,15
train,DSC_5693_JPG_jpg.rf.dab05fd787510e4b42fe7010d53d0438.jpg,640,640,119642,15
train,DSC_5693_JPG_jpg.rf.f42a4d60b9041a6dd2e9882e5cbe9a26.jpg,640,640,156450,15
train,DSC_5693_JPG_jpg.rf.f84d5c9a3d85e5c53f6e979ff98b8170.jpg,640,640,119992,15
train,DSC_5693_JPG_jpg.rf.fd25d14535353e89f32dbb18b7a34abe.jpg,640,640,145789,15
train,DSC_5694_JPG_jpg.rf.0ca395983f2d3138a2fa89e367ca5dcc.jpg,640,640,139466,15
train,DSC_5694_JPG_jpg.rf.21383e6309ba1a4e82882a07a96a5b86.jpg,640,640,101090,15
train,DSC_5694_JPG_jpg.rf.470d4de02c4ca632fa26833794e54873.jpg,640,640,162625,15
train,DSC_5694_JPG_jpg.rf.681cbca1d151d66ac7bcb33f2c7c9947.jpg,640,640,139466,15
train,DSC_5694_JPG_jpg.rf.6e9308bfaf6aa4e8e7b5f0d8f62ea116.jpg,640,640,55909,15
train,DSC_5694_JPG_jpg.rf.b58dcd4402e689adb4ebb81852207a4a.jpg,640,640,87695,15
train,DSC_5694_JPG_jpg.rf.e01a8e69b5799bcd3fc07f29ec2246d1.jpg,640,640,110018,15
train,DSC_5694_JPG_jpg.rf.e0e6cd79c959895292dbf5b72d049182.jpg,640,640,139302,15
train,DSC_5694_JPG_jpg.rf.ea11f3283cf84fa5a66714d990454dc2.jpg,640,640,87795,15
train,DSC_5695_JPG_jpg.rf.02980818f9a09731dc853cb99c17763d.jpg,640,640,173319,17
train,DSC_5695_JPG_jpg.rf.19aee05fc8a0a8d68a4d00382e7e6b43.jpg,640,640,176691,17
train,DSC_5695_JPG_jpg.rf.2ceaef9c2664e49aee9b301ef963a9bb.jpg,640,640,143378,17
train,DSC_5695_JPG_jpg.rf.5e8c7b477cafc82197be851512f389d8.jpg,640,640,170256,17
train,DSC_5695_JPG_jpg.rf.7750b28b19d7bfccd00c020ecbd6873d.jpg,640,640,165386,17
train,DSC_5695_JPG_jpg.rf.b3c74223fc66fad16c3040d6aca86fe7.jpg,640,640,152714,17
train,DSC_5695_JPG_jpg.rf.ce2b8f08ea5f5b69b31b8b3ea62cd05b.jpg,640,640,154174,17
train,DSC_5695_JPG_jpg.rf.ed18ca6bdfc482c3cb6e08770fc7d4fb.jpg,640,640,171528,17
train,DSC_5696_JPG_jpg.rf.49d71b88545a378a19acc1bedf4d0c58.jpg,640,640,137165,16
train,DSC_5696_JPG_jpg.rf.5161da2a5fb075f23ec33124da61d2d6.jpg,640,640,90646,16
train,DSC_5696_JPG_jpg.rf.61425d3b9ec6a047037d46c9c0ccc148.jpg,640,640,101727,16
train,DSC_5696_JPG_jpg.rf.631f0ffd63bc976218bff541a8cfe340.jpg,640,640,110931,16
train,DSC_5696_JPG_jpg.rf.69f6c73081a119d820d74bd2798fef19.jpg,640,640,88768,16
train,DSC_5696_JPG_jpg.rf.8e68df5ff8beef6becdfdf87ecc21c9b.jpg,640,640,73882,16
train,DSC_5696_JPG_jpg.rf.ebec79c3cf0a526a7ae0f05a3fca0381.jpg,640,640,119247,16
train,DSC_5696_JPG_jpg.rf.fe4fdd27236fa163b3b16e9607f4418d.jpg,640,640,175605,16
train,DSC_5697_JPG_jpg.rf.0c67f90e94dd9a4d7cafc326717eeeb1.jpg,640,640,144113,15
train,DSC_5697_JPG_jpg.rf.32f514731a3a415fa5b5af3ca7553408.jpg,640,640,37980,15
train,DSC_5697_JPG_jpg.rf.3c795bf31dcfffa121545f8be96f868f.jpg,640,640,120657,15
train,DSC_5697_JPG_jpg.rf.9127cf8ad5a2728a7594f1cca8baf2b1.jpg,640,640,175629,15
train,DSC_5697_JPG_jpg.rf.b4cc6ba6eade290f17bda5a683023cb8.jpg,640,640,165752,15
train,DSC_5697_JPG_jpg.rf.cf163782b03a24099a9ad987d466623b.jpg,640,640,33936,15
train,DSC_5697_JPG_jpg.rf.d2950e7c123119bfd35138248d5343ce.jpg,640,640,144242,15
train,DSC_5697_JPG_jpg.rf.f31ea3ba656ce7d951cc76442db03207.jpg,640,640,90263,15
train,DSC_5698_JPG_jpg.rf.1051ae91b48a962d6936a84068543445.jpg,640,640,162308,14
train,DSC_5698_JPG_jpg.rf.151478c468179261b65f745f352f7a7c.jpg,640,640,169960,14
train,DSC_5698_JPG_jpg.rf.1e5ae4aee5ad847a3fd16bf7c2c20fa5.jpg,640,640,120357,14
train,DSC_5698_JPG_jpg.rf.40f981fc483a820b92029a8ec08cac63.jpg,640,640,145192,14
train,DSC_5698_JPG_jpg.rf.42145b6e18991a9d3c1c1c610d3f35f4.jpg,640,640,166409,14
train,DSC_5698_JPG_jpg.rf.5e64e8f954b1eefa83869d15ae836bd7.jpg,640,640,135902,14
train,DSC_5698_JPG_jpg.rf.6ea0f655268a324d17f8831b7d2d252b.jpg,640,640,160804,14
train,DSC_5698_JPG_jpg.rf.be35ed7dde52f17b7b271d2033fcca81.jpg,640,640,86393,14
train,DSC_5699_JPG_jpg.rf.0b9e47a5a9a0db11f04290580ef288e3.jpg,640,640,168219,14
train,DSC_5699_JPG_jpg.rf.2ad4747500c2992daf32f5624abd5b5c.jpg,640,640,109789,14
train,DSC_5699_JPG_jpg.rf.395b389592aad7056be5294686de8305.jpg,640,640,100781,14
train,DSC_5699_JPG_jpg.rf.4c9423c645ce14637d5005f5bf6f5052.jpg,640,640,162912,14
train,DSC_5699_JPG_jpg.rf.93c89955db57f343fc5f5c1e8d7d65ef.jpg,640,640,155215,14
train,DSC_5699_JPG_jpg.rf.9730abe0a34f8e61e2173162e632713f.jpg,640,640,58067,14
train,DSC_5699_JPG_jpg.rf.b57d5c24e9d3347cffb62ca59029ef17.jpg,640,640,161206,14
train,DSC_5699_JPG_jpg.rf.c943c1582ad81fcdf2ada10969ad4649.jpg,640,640,126773,14
train,DSC_5700_JPG_jpg.rf.00153d529e121e1c99347347c0d2e481.jpg,640,640,111697,13
train,DSC_5700_JPG_jpg.rf.0abdde2fe7265da547b70e393c4196e5.jpg,640,640,169390,13
train,DSC_5700_JPG_jpg.rf.666dad0e39fda7bf31d0464a004c527c.jpg,640,640,168177,13
train,DSC_5700_JPG_jpg.rf.6ece2c8ee6a8b6ad0c538b913ac2a493.jpg,640,640,156293,13
train,DSC_5700_JPG_jpg.rf.70dbf7e576ad695d8ee3af344951b4d1.jpg,640,640,168843,13
train,DSC_5700_JPG_jpg.rf.d4b987b9a97de5a5e1efe2eacf39338d.jpg,640,640,36382,13
train,DSC_5700_JPG_jpg.rf.ec118f41e891d9835b9166806c87fd5c.jpg,640,640,89276,13
train,DSC_5700_JPG_jpg.rf.ffba12c8c8fc254c1d7f1653258f907f.jpg,640,640,154063,13
train,DSC_5701_JPG_jpg.rf.0b47eab7d90760268d57c6335133a64a.jpg,640,640,75958,12
train,DSC_5701_JPG_jpg.rf.1a5c86b1a81dc4c88d813652c2354b0c.jpg,640,640,36635,12
train,DSC_5701_JPG_jpg.rf.5b101531a9033ca21a111b7ab61809bf.jpg,640,640,147306,12
train,DSC_5701_JPG_jpg.rf.714b7db8f00dabdf034edd15d7d3d9a2.jpg,640,640,34930,12
train,DSC_5701_JPG_jpg.rf.8046010bb759e17b450971beb273f548.jpg,640,640,36287,12
train,DSC_5701_JPG_jpg.rf.b50f17ff1122422c3a1d82186619179a.jpg,640,640,153352,12
train,DSC_5701_JPG_jpg.rf.b8d107c8917fad2f1130b8b1e772c7fc.jpg,640,640,56066,12
train,DSC_5701_JPG_jpg.rf.d9c1781817f464a8e24ef3c329fb080e.jpg,640,640,127566,12
train,DSC_5702_JPG_jpg.rf.100d27e1a6543bc5723ffb589267f3b1.jpg,640,640,169696,13
train,DSC_5702_JPG_jpg.rf.488f85fb85be6d11d5ac9608b3c54af0.jpg,640,640,171292,13
train,DSC_5702_JPG_jpg.rf.6b907a82a2e91b19fff41addbd764cc7.jpg,640,640,164610,13
train,DSC_5702_JPG_jpg.rf.6ce2a717268511a63edaf5d9f42a74c0.jpg,640,640,163413,13
train,DSC_5702_JPG_jpg.rf.9e6a701a95e1627b57431842dba4145f.jpg,640,640,103144,13
train,DSC_5702_JPG_jpg.rf.a864145342cf85e6adeaf71782dd1113.jpg,640,640,166961,13
train,DSC_5702_JPG_jpg.rf.ea8a18b7b5ed43a63f94e95ec9dfb149.jpg,640,640,89863,13
train,DSC_5702_JPG_jpg.rf.edbc2cb44b63a92cb13191400dfe0b35.jpg,640,640,150989,13
train,DSC_5706_JPG_jpg.rf.0f4ab0b07057ce967f070bd9dab0d325.jpg,640,640,167245,12
train,DSC_5706_JPG_jpg.rf.2488bb01cf10ccb43fae7b3ce037cb4a.jpg,640,640,160833,12
train,DSC_5706_JPG_jpg.rf.2986408f3cf86d6a68a040ce2f2f317c.jpg,640,640,163556,12
train,DSC_5706_JPG_jpg.rf.8efa65f2e3a28aeddc6b0a603af48198.jpg,640,640,174597,12
train,DSC_5706_JPG_jpg.rf.9c4f13e4fbf042254b6f939561ae43e8.jpg,640,640,161875,12
train,DSC_5706_JPG_jpg.rf.a5d156d5bfc2cef6b4cd1506ff83fa9b.jpg,640,640,118929,12
train,DSC_5706_JPG_jpg.rf.dec603a734c32904217bafa0042fd579.jpg,640,640,167245,12
train,DSC_5706_JPG_jpg.rf.f45a913013382085758ced11b321ea71.jpg,640,640,100447,12
train,DSC_5706_JPG_jpg.rf.f705d72bdceb0cc02f27aef3c22eff70.jpg,640,640,134028,12
train,DSC_5707_JPG_jpg.rf.1e158303dcf98d6eb24cfd55f02a753f.jpg,640,640,159989,14
train,DSC_5707_JPG_jpg.rf.41c6ca296c7f89a878800eba8c8f6443.jpg,640,640,101189,14
train,DSC_5707_JPG_jpg.rf.82abc16afad127574bd98b94860c9978.jpg,640,640,160748,14
train,DSC_5707_JPG_jpg.rf.8d3c00b1269000d13bd26f974317154a.jpg,640,640,162077,14
train,DSC_5707_JPG_jpg.rf.982ad942a8e9dfc63431a975d4e5eee0.jpg,640,640,138239,14
train,DSC_5707_JPG_jpg.rf.aa5d029db0aa0931e11bf79e550e5825.jpg,640,640,132414,14
train,DSC_5707_JPG_jpg.rf.c909fac615b927a9fc38f4ba410e7c43.jpg,640,640,153016,14
train,DSC_5707_JPG_jpg.rf.dc139880d127dd03614e6a86251d0f8c.jpg,640,640,159874,14
train,DSC_5708_JPG_jpg.rf.3f728bc3359dfcc3a97908ef5016597d.jpg,640,640,74595,12
train,DSC_5708_JPG_jpg.rf.53449b2e4d424c535cad241b8d4261ab.jpg,640,640,57530,12
train,DSC_5708_JPG_jpg.rf.83f13e55742c96ec9cdbc0a99918c654.jpg,640,640,161279,12
train,DSC_5708_JPG_jpg.rf.9932193aa4ffacc19c2decd27bd1c5f8.jpg,640,640,57336,12
train,DSC_5708_JPG_jpg.rf.bb5209de2837ea38e126b2bba367b26c.jpg,640,640,119999,12
train,DSC_5708_JPG_jpg.rf.c32119ed90b0cad78c475f6fe91e2e21.jpg,640,640,171371,12
train,DSC_5708_JPG_jpg.rf.cd31af6453c219435ed3e70a8cf5302d.jpg,640,640,139984,12
train,DSC_5708_JPG_jpg.rf.d62dbe91300085cc23e8d6fa3f6e65e1.jpg,640,640,160837,12
train,DSC_5709_JPG_jpg.rf.28777b7db55a62083bf390e009c17073.jpg,640,640,75653,13
train,DSC_5709_JPG_jpg.rf.4e54f2ba41b4e86b38fd05c893319fe5.jpg,640,640,101498,13
train,DSC_5709_JPG_jpg.rf.503c95b64e42a6f66a5d12ff0174a7b0.jpg,640,640,120996,13
train,DSC_5709_JPG_jpg.rf.5874aa254294b736aae5307a9e0ed4b6.jpg,640,640,174749,13
train,DSC_5709_JPG_jpg.rf.9b8829f2136b782a6231a7eef8ee80c5.jpg,640,640,169376,13
train,DSC_5709_JPG_jpg.rf.a184c5670ed9fddfd8a0172c94a23ae9.jpg,640,640,166126,13
train,DSC_5709_JPG_jpg.rf.ad532f531749782fe92ca3a418097fca.jpg,640,640,119552,13
train,DSC_5709_JPG_jpg.rf.e5a235fc72262b398d22120e49d350b4.jpg,640,640,57823,13
train,DSC_5710_JPG_jpg.rf.0d919d37778ca49dc44b6528d7b6bc1a.jpg,640,640,163687,14
train,DSC_5710_JPG_jpg.rf.28e1dfa9658bd514f00b432847a85a62.jpg,640,640,126135,14
train,DSC_5710_JPG_jpg.rf.49dac1b93f176be5942615719a17742d.jpg,640,640,165489,14
train,DSC_5710_JPG_jpg.rf.75fde31bb86335a477361e1bf430ff8d.jpg,640,640,59330,14
train,DSC_5710_JPG_jpg.rf.760b417e47463c92d9dcc5656bdb6bce.jpg,640,640,144404,14
train,DSC_5710_JPG_jpg.rf.779ea778bc3490fc59aa685796b6f5e1.jpg,640,640,134457,14
train,DSC_5710_JPG_jpg.rf.87987f2af7f33010293c10f069ac7066.jpg,640,640,155603,14
train,DSC_5710_JPG_jpg.rf.c8096109c74e23c973df6eb8e458d583.jpg,640,640,132450,14
train,DSC_5711_JPG_jpg.rf.0dd37ba11646b85f05d7a99023d62f8c.jpg,640,640,127633,14
train,DSC_5711_JPG_jpg.rf.148879bd2deab57df4cc53f4b23c164b.jpg,640,640,165140,14
train,DSC_5711_JPG_jpg.rf.4a32324130f8c22a1472198af54384e5.jpg,640,640,171828,14
train,DSC_5711_JPG_jpg.rf.61f56c73b7d9baba89951320ee217564.jpg,640,640,113274,14
train,DSC_5711_JPG_jpg.rf.84c4bf73dd36d62f932f314fdce3403e.jpg,640,640,166946,14
train,DSC_5711_JPG_jpg.rf.854342d29141f5dd649460c248d00ab1.jpg,640,640,160071,14
train,DSC_5711_JPG_jpg.rf.c07f05cd99584a96ca8dda7ad4f809dd.jpg,640,640,169037,14
train,DSC_5711_JPG_jpg.rf.dbfed03abb2533342ee8770043b58750.jpg,640,640,158567,14
train,DSC_5712_JPG_jpg.rf.118ae5b7fec5b1a86361835d64ae7e34.jpg,640,640,157477,14
train,DSC_5712_JPG_jpg.rf.17912b33cef2924113770e31837a9e17.jpg,640,640,114064,14
train,DSC_5712_JPG_jpg.rf.68f78a56588b6022c60b60fb2426e2b9.jpg,640,640,133404,14
train,DSC_5712_JPG_jpg.rf.69556bfd5627b0ea67fbce1e4befc488.jpg,640,640,141390,14
train,DSC_5712_JPG_jpg.rf.7baec38366d95498f681c1577e1d2aaf.jpg,640,640,129297,14
train,DSC_5712_JPG_jpg.rf.971b03bfb66f19159a4ba7316cf66621.jpg,640,640,168207,14
train,DSC_5712_JPG_jpg.rf.99fb5e79dc8d2f5ef8d32e2e95da9068.jpg,640,640,111636,14
train,DSC_5712_JPG_jpg.rf.c3a6d8865ec3826895d24f426cc46214.jpg,640,640,139396,14
train,DSC_5712_JPG_jpg.rf.d7a00368377238f4497d381cbe5bf9c6.jpg,640,640,133404,14
train,DSC_5713_JPG_jpg.rf.383e38c8e8b6e0f0d4fb7879bb12e1cc.jpg,640,640,152505,13
train,DSC_5713_JPG_jpg.rf.5e02e0353d0fb30db683a078cc0f5e15.jpg,640,640,57523,13
train,DSC_5713_JPG_jpg.rf.5e181b6cb78d79e67f803cf9656455cb.jpg,640,640,57622,13
train,DSC_5713_JPG_jpg.rf.63019d7b94320030dc9a3c7f84940074.jpg,640,640,170824,13
train,DSC_5713_JPG_jpg.rf.80649c294e207eb9c53dcd7ba1d5fa99.jpg,640,640,160321,13
train,DSC_5713_JPG_jpg.rf.8355cfb032d183eb06bd7bba03c83cd2.jpg,640,640,157170,13
train,DSC_5713_JPG_jpg.rf.b036ce25d83691a53a737ab3d946ff40.jpg,640,640,166338,13
train,DSC_5713_JPG_jpg.rf.f2beca97edefa20ea44ff1f074db366e.jpg,640,640,126985,13
train,DSC_5714_JPG_jpg.rf.1d32ee517ba47a7946e7d293c076ffc6.jpg,640,640,133408,14
train,DSC_5714_JPG_jpg.rf.370e344f7a34c1126dc328f41cb2b082.jpg,640,640,171030,14
train,DSC_5714_JPG_jpg.rf.819f2bac713bb93bf116d79790530444.jpg,640,640,153538,14
train,DSC_5714_JPG_jpg.rf.9020f379c2d6b691f935cc6980e5f84e.jpg,640,640,170343,14
train,DSC_5714_JPG_jpg.rf.dda3265eb979d03f55d56bbf657844c4.jpg,640,640,155003,14
train,DSC_5714_JPG_jpg.rf.e024c6d1ae2886d9ce0e12d5d321e8e3.jpg,640,640,169722,14
train,DSC_5714_JPG_jpg.rf.eb43fa269ba457eedf5125f1e0301b8b.jpg,640,640,144161,14
train,DSC_5714_JPG_jpg.rf.fbbca5bd3f856f0bee5d99278bc5c460.jpg,640,640,173819,14
train,DSC_5715_JPG_jpg.rf.0e0d360211a928356679b16d96fb0e99.jpg,640,640,140700,14
train,DSC_5715_JPG_jpg.rf.190fd640764b5cf946407792705cd2b5.jpg,640,640,109798,14
train,DSC_5715_JPG_jpg.rf.1cbb1b0a9a317627e4be5389f5be3186.jpg,640,640,158089,14
train,DSC_5715_JPG_jpg.rf.56c2c1b3af40bf98ffb5f8ab7dea07db.jpg,640,640,152667,14
train,DSC_5715_JPG_jpg.rf.a9715a7b13024e5806434e145628dca5.jpg,640,640,110800,14
train,DSC_5715_JPG_jpg.rf.ac866b42eb9d5143a0c62e921b259298.jpg,640,640,170866,14
train,DSC_5715_JPG_jpg.rf.d09c25cb766968eafe4b61f6a45c1b9e.jpg,640,640,57827,14
train,DSC_5715_JPG_jpg.rf.e3a54aa48b1ba45aa44851ecc4a8f8fa.jpg,640,640,151858,14
train,DSC_5716_JPG_jpg.rf.34789c95ee7af734b8e907c898c0c1e0.jpg,640,640,171619,13
train,DSC_5716_JPG_jpg.rf.3e4f3ef1811d286b03d80d513ea1b3d6.jpg,640,640,127157,13
train,DSC_5716_JPG_jpg.rf.584597fcb7ceec954b27840db50b7a08.jpg,640,640,125787,13
train,DSC_5716_JPG_jpg.rf.627b26def446e7ef7481d30775caa51c.jpg,640,640,126629,13
train,DSC_5716_JPG_jpg.rf.66ff19b380b99027e33f9c933c2f2446.jpg,640,640,109950,13
train,DSC_5716_JPG_jpg.rf.7e9a15dd939983b0ff93cd79b79fc507.jpg,640,640,111842,13
train,DSC_5716_JPG_jpg.rf.b7ff5a6fbe41a8de6124da712b857661.jpg,640,640,167277,13
train,DSC_5716_JPG_jpg.rf.d407076768425ab86d13bdacc4e3cd94.jpg,640,640,167277,13
train,DSC_5716_JPG_jpg.rf.e4759da0dd043b1ec508ae34427e011f.jpg,640,640,171959,13
train,DSC_5717_JPG_jpg.rf.0688e65a476d25b86818781fde145cee.jpg,640,640,102370,13
train,DSC_5717_JPG_jpg.rf.4ee7113713acd4fe729017519ffad3af.jpg,640,640,159278,13
train,DSC_5717_JPG_jpg.rf.5069391a1ac2f0a2d2a8f1c2b1a048e4.jpg,640,640,156506,13
train,DSC_5717_JPG_jpg.rf.81291e95289fac51661bc3ea0a8420f9.jpg,640,640,167174,13
train,DSC_5717_JPG_jpg.rf.b03a032bb9562429b4ff6373ece58778.jpg,640,640,171948,13
train,DSC_5717_JPG_jpg.rf.c865dc2f4a510ed1f833f65f5a9cc1d5.jpg,640,640,110958,13
train,DSC_5717_JPG_jpg.rf.cc0ee1583b943c4a4fe39b97c7b7b0f0.jpg,640,640,151546,13
train,DSC_5717_JPG_jpg.rf.d2868a46f4a32720bee24ced279d014a.jpg,640,640,172624,13
train,DSC_5717_JPG_jpg.rf.e444125de22fa078f8b9c9568057c1ef.jpg,640,640,156506,13
train,DSC_5718_JPG_jpg.rf.1176c56ebe886c46bb74fee8985d3818.jpg,640,640,100638,11
train,DSC_5718_JPG_jpg.rf.11dba6e06de7de6416d0eec9499f0783.jpg,640,640,171155,11
train,DSC_5718_JPG_jpg.rf.320d9e68f581576567975f3205907c1c.jpg,640,640,153317,11
train,DSC_5718_JPG_jpg.rf.3c776dc52b7ce9d0a46be530c69ea69d.jpg,640,640,100439,11
train,DSC_5718_JPG_jpg.rf.5733af9f926c28bf8d3b52468f2d8948.jpg,640,640,166067,11
train,DSC_5718_JPG_jpg.rf.96c1f996817f80f9918ab7f04638cc1b.jpg,640,640,166574,11
train,DSC_5718_JPG_jpg.rf.be9878ae5d8528c64b597e63ae6db8e7.jpg,640,640,155696,11
train,DSC_5718_JPG_jpg.rf.e8f67d6d6d33e2dfc2ba8a9e08281059.jpg,640,640,101648,11
train,DSC_5719_JPG_jpg.rf.3bd9ca1aac680172c69b4b29f0f9c68f.jpg,640,640,165231,12
train,DSC_5719_JPG_jpg.rf.3bf8f08ac638c917002e1629d8fdf837.jpg,640,640,167957,12
train,DSC_5719_JPG_jpg.rf.3d935b8ac9bd0ede27e3b05f8b96a6a3.jpg,640,640,167957,12
train,DSC_5719_JPG_jpg.rf.4be3e85be5902e3be9cf27158ed76f24.jpg,640,640,169480,12
train,DSC_5719_JPG_jpg.rf.71d76040d11227481e055aa9e0aed7db.jpg,640,640,154499,12
train,DSC_5719_JPG_jpg.rf.7678f22f23f31108d24b141744cd3ccd.jpg,640,640,119133,12
train,DSC_5719_JPG_jpg.rf.a9e8e9cdf71a7280495b2a82248932b5.jpg,640,640,171674,12
train,DSC_5719_JPG_jpg.rf.b6f878730773c71ff2b28b84995259df.jpg,640,640,162361,12
train,DSC_5719_JPG_jpg.rf.f5306a23531081de3b4542be0dddebb9.jpg,640,640,57598,12
train,DSC_5720_JPG_jpg.rf.0c770e88c141e8b30fcd39393c29e902.jpg,640,640,98297,12
train,DSC_5720_JPG_jpg.rf.0d02825f2351cb78147eac800e4d8f48.jpg,640,640,163610,12
train,DSC_5720_JPG_jpg.rf.3724552bd887ce5c2c02bd1f8c754f07.jpg,640,640,98297,12
train,DSC_5720_JPG_jpg.rf.48a871c1954486e5f3b8d4aba2a3cf84.jpg,640,640,134487,12
train,DSC_5720_JPG_jpg.rf.acf1295ad07611e1eb2c8c5b023d04d7.jpg,640,640,158473,12
train,DSC_5720_JPG_jpg.rf.c37ab049f062fde2e302cbe468f4d1a4.jpg,640,640,172486,12
train,DSC_5720_JPG_jpg.rf.dd839f1bc8cf2793916745381dc0e355.jpg,640,640,90424,12
train,DSC_5720_JPG_jpg.rf.f5f8593d6b1b7fdd4f4d595a82ce2f85.jpg,640,640,111021,12
train,DSC_5720_JPG_jpg.rf.fd1fa26bbdbfcc1f193677fc24ecfbaa.jpg,640,640,168643,12
train,DSC_5721_JPG_jpg.rf.0408f3f468445e9baccd9211ea3a811c.jpg,640,640,168376,13
train,DSC_5721_JPG_jpg.rf.3a1c256a4162236cd758942a00c6d64d.jpg,640,640,168932,13
train,DSC_5721_JPG_jpg.rf.93364a252ddbb32e429e363d1e742dc6.jpg,640,640,88347,13
train,DSC_5721_JPG_jpg.rf.c94b64be4f7631a73d7751b848253547.jpg,640,640,170573,13
train,DSC_5721_JPG_jpg.rf.d6709e5b4ab9f32a10ef194a9e76e8e7.jpg,640,640,76252,13
train,DSC_5721_JPG_jpg.rf.d7ec037d5768869c884ff3973a2efc23.jpg,640,640,102372,13
train,DSC_5721_JPG_jpg.rf.dac759c3c3a2b4390d0c31dd8c1fd8e4.jpg,640,640,170540,13
train,DSC_5721_JPG_jpg.rf.f468930e56c4e279b7772f1a7e729adc.jpg,640,640,134889,13
train,DSC_5722_JPG_jpg.rf.20bc2252dfd22c409dd14871c6c689d9.jpg,640,640,57513,12
train,DSC_5722_JPG_jpg.rf.295bbeb3053b1698efb6d7818ca58443.jpg,640,640,148775,12
train,DSC_5722_JPG_jpg.rf.2ac0b26ed02140ef1a105c26da4f972e.jpg,640,640,134606,12
train,DSC_5722_JPG_jpg.rf.70b65b9c5a4fa9170c9ac4fd47b989a0.jpg,640,640,75015,12
train,DSC_5722_JPG_jpg.rf.868b56d18f5a2952f5ceba02fedd474b.jpg,640,640,161641,12
train,DSC_5722_JPG_jpg.rf.a4675f3cad26cedb1dbcefc27319015e.jpg,640,640,165618,12
train,DSC_5722_JPG_jpg.rf.a48c4a00ec5df2193fbef2ed962825ea.jpg,640,640,153684,12
train,DSC_5722_JPG_jpg.rf.d39b883218178530c29b63168347446f.jpg,640,640,145912,12
train,DSC_5723_JPG_jpg.rf.37fb2c4920b2783758883848adf8f67b.jpg,640,640,170989,14
train,DSC_5723_JPG_jpg.rf.425c0b7c28758c139b84b94afd7d9395.jpg,640,640,89278,14
train,DSC_5723_JPG_jpg.rf.7a147b402d9ada174f5f5471641e1e0f.jpg,640,640,119026,14
train,DSC_5723_JPG_jpg.rf.7b2b7531af3442226efb076adab78b1a.jpg,640,640,149803,14
train,DSC_5723_JPG_jpg.rf.91e60630418eb46848b4565f9a128685.jpg,640,640,169042,14
train,DSC_5723_JPG_jpg.rf.cd24d3505a9d37fb633d61822dbb61b3.jpg,640,640,127196,14
train,DSC_5723_JPG_jpg.rf.d2c957370d7130dd997cea8c14da2a2c.jpg,640,640,173063,14
train,DSC_5723_JPG_jpg.rf.e213532ff77f2845acb9dc10a05a0858.jpg,640,640,119646,14
train,DSC_5724_JPG_jpg.rf.1482c06dc35e8a5974c26af8e00c9225.jpg,640,640,149323,12
train,DSC_5724_JPG_jpg.rf.25cddaf75d1222327fc1e6faf597b54a.jpg,640,640,170347,12
train,DSC_5724_JPG_jpg.rf.2b6b46e72374d8dfee42dc54528507f5.jpg,640,640,58522,12
train,DSC_5724_JPG_jpg.rf.9d7d83fb9a1eeba38c8e125397411c99.jpg,640,640,157242,12
train,DSC_5724_JPG_jpg.rf.c964e4ed3519009dbb79b591d5485ea6.jpg,640,640,75243,12
train,DSC_5724_JPG_jpg.rf.e3e5017bf61055694a4d4fc1c01e2627.jpg,640,640,165735,12
train,DSC_5724_JPG_jpg.rf.ed16bce7b95372432f1e0b1b15167316.jpg,640,640,159665,12
train,DSC_5724_JPG_jpg.rf.ef75c85316e4ce07545c3654215bc67d.jpg,640,640,167943,12
train,DSC_5725_JPG_jpg.rf.5aa11be1c8a52df7f47d2b205ec4f1b1.jpg,640,640,164749,14
train,DSC_5725_JPG_jpg.rf.61c7f401ef4510770bd5dce6dbb8bb03.jpg,640,640,162081,14
train,DSC_5725_JPG_jpg.rf.744bd1f5be56fd70f932153ae2d71141.jpg,640,640,171546,14
train,DSC_5725_JPG_jpg.rf.78145a9e743502f7abcfea74aaccbacc.jpg,640,640,153002,14
train,DSC_5725_JPG_jpg.rf.99072f14a4a0dda86b30325b81f83eeb.jpg,640,640,127147,14
train,DSC_5725_JPG_jpg.rf.c63f241203d97583013d236069000fb8.jpg,640,640,144160,14
train,DSC_5725_JPG_jpg.rf.f99d9432ffc4eb6d659ad63493372b22.jpg,640,640,129086,14
train,DSC_5725_JPG_jpg.rf.fc74f1b8961992c9276738bce1bb5d35.jpg,640,640,142820,14
train,DSC_5726_JPG_jpg.rf.1e681fbec61c170573c83a00f47a2960.jpg,640,640,102364,14
train,DSC_5726_JPG_jpg.rf.25b0b1f776960c445bc476eeedf3d542.jpg,640,640,137329,14
train,DSC_5726_JPG_jpg.rf.3770acc25e47bbcae6db6ebd187539b5.jpg,640,640,167092,14
train,DSC_5726_JPG_jpg.rf.7163b087856441917e10561d26167e19.jpg,640,640,166450,14
train,DSC_5726_JPG_jpg.rf.8017eaef1f39bb6cce6e60c2970ae394.jpg,640,640,154427,14
train,DSC_5726_JPG_jpg.rf.9ec57a070f4358b9f725af4798420c84.jpg,640,640,157037,14
train,DSC_5726_JPG_jpg.rf.b633c784efa8edf264697ce8ac42f0d5.jpg,640,640,166450,14
train,DSC_5726_JPG_jpg.rf.d9a673e84a901cfbaf16d05881134824.jpg,640,640,163173,14
train,DSC_5726_JPG_jpg.rf.e118540dee0d2158e13c41adc02e1c66.jpg,640,640,163868,14
train,DSC_5727_JPG_jpg.rf.572be2bd3e2a1a7a4a726761a936f531.jpg,640,640,133788,13
train,DSC_5727_JPG_jpg.rf.7c77eaa3217f45544c4564724dcbe404.jpg,640,640,148721,13
train,DSC_5727_JPG_jpg.rf.7c9337bd34ba08197e9f9d021c42a540.jpg,640,640,149366,13
train,DSC_5727_JPG_jpg.rf.879b2d2c4aba6a8eef75ed9cf9a66ea0.jpg,640,640,148721,13
train,DSC_5727_JPG_jpg.rf.90c2d953c325f7424749952c3cc4de4c.jpg,640,640,57381,13
train,DSC_5727_JPG_jpg.rf.a2296e0969bbda8546ff145bbbae196a.jpg,640,640,161995,13
train,DSC_5727_JPG_jpg.rf.ea503d2811d8c65983d001f880cf0f76.jpg,640,640,101915,13
train,DSC_5727_JPG_jpg.rf.ee6cb12710d53019a10a9de30425127f.jpg,640,640,168195,13
train,DSC_5727_JPG_jpg.rf.f4d4aa9f1c53e16155eec603ff90757f.jpg,640,640,172741,13
train,DSC_5728_JPG_jpg.rf.0e9734d75cd861a9734c5f69d32751a0.jpg,640,640,161115,12
train,DSC_5728_JPG_jpg.rf.164e9bdccf51b091c77260ff700e9998.jpg,640,640,56398,12
train,DSC_5728_JPG_jpg.rf.1de882537c215e6384dbe5256107b222.jpg,640,640,162848,12
train,DSC_5728_JPG_jpg.rf.2577568db44552513fde43705dadb833.jpg,640,640,89852,12
train,DSC_5728_JPG_jpg.rf.350d7789996975ddde53c6b577140263.jpg,640,640,164297,12
train,DSC_5728_JPG_jpg.rf.42de03fa391c89b41e9a0a6481d5159d.jpg,640,640,172001,12
train,DSC_5728_JPG_jpg.rf.9d916eb4edb68e162e8f084b8fecf971.jpg,640,640,173356,12
train,DSC_5728_JPG_jpg.rf.b931cb3fd48298e5cf714b273a4588c8.jpg,640,640,145332,12
train,DSC_5729_JPG_jpg.rf.6253c7a5f15407260a4874c54f458de5.jpg,640,640,167936,13
train,DSC_5729_JPG_jpg.rf.808aba6009923628db0f985037e2ca9e.jpg,640,640,155532,13
train,DSC_5729_JPG_jpg.rf.90fe128d3fa50f2beda2833756db6893.jpg,640,640,35228,13
train,DSC_5729_JPG_jpg.rf.99bc01fc8b54fab3b8a3a740f121b024.jpg,640,640,135001,13
train,DSC_5729_JPG_jpg.rf.9e316d3420c1869edca7c2c9353180fa.jpg,640,640,157824,13
train,DSC_5729_JPG_jpg.rf.ab007cdb0a0b3d1dd5e9ef86c020eaec.jpg,640,640,57143,13
train,DSC_5729_JPG_jpg.rf.c67ff9856f07ce3b346cbc749d56d208.jpg,640,640,150502,13
train,DSC_5729_JPG_jpg.rf.d48390fa0ff8747b7c70c117ba06213d.jpg,640,640,119249,13
train,DSC_5731_JPG_jpg.rf.0b4b8e8b63b65cd7724318b18bd0c86f.jpg,640,640,152373,13
train,DSC_5731_JPG_jpg.rf.0c7e90251260d3324edb63db566861f3.jpg,640,640,138925,13
train,DSC_5731_JPG_jpg.rf.2de6427e0a4f394a164f38691a6afbd8.jpg,640,640,159296,13
train,DSC_5731_JPG_jpg.rf.433658e6ed4c6b5e3cd6fa143ebb2489.jpg,640,640,170452,13
train,DSC_5731_JPG_jpg.rf.61773454b1a49657fee7f67d14d5d40c.jpg,640,640,166362,13
train,DSC_5731_JPG_jpg.rf.8d066a616ee4592b391f7d89d5577194.jpg,640,640,167828,13
train,DSC_5731_JPG_jpg.rf.cfd4a4fde9f93939eaa74003c273e269.jpg,640,640,163358,13
train,DSC_5731_JPG_jpg.rf.e2959720db64a973d17523431eea9822.jpg,640,640,172331,13
train,DSC_5732_JPG_jpg.rf.1b12462f5e52fa676f823ff80c57bc86.jpg,640,640,145667,12
train,DSC_5732_JPG_jpg.rf.40bcc289169d90087dbf641484264096.jpg,640,640,126615,12
train,DSC_5732_JPG_jpg.rf.7efccb420f574cc51dc9e91179483f57.jpg,640,640,101516,12
train,DSC_5732_JPG_jpg.rf.8f9484b290ab9599e7b3f9291f475579.jpg,640,640,111287,12
train,DSC_5732_JPG_jpg.rf.925a41c44e8dc4c8bf6a1c08695fbe1b.jpg,640,640,133060,12
train,DSC_5732_JPG_jpg.rf.bd7a77b2c81f91397f82565126ef8cf2.jpg,640,640,75319,12
train,DSC_5732_JPG_jpg.rf.c7ff4079dbbff326644703e1df7f99d5.jpg,640,640,59160,12
train,DSC_5732_JPG_jpg.rf.d7a88c12d72dab7f0b0b2c33529eb73f.jpg,640,640,161016,12
train,DSC_5734_JPG_jpg.rf.0c53f9d239fce39a35b519fcba27b0e5.jpg,640,640,172778,13
train,DSC_5734_JPG_jpg.rf.240de4864498cfb968823b89eedcbcec.jpg,640,640,126297,13
train,DSC_5734_JPG_jpg.rf.7d54980bc4cf168624a636e3840e479e.jpg,640,640,169002,13
train,DSC_5734_JPG_jpg.rf.8aa75333c646e3f34273fdb35e90a4ba.jpg,640,640,167755,13
train,DSC_5734_JPG_jpg.rf.9066ada4abb56c7803d5b0b735e0ae3c.jpg,640,640,142891,13
train,DSC_5734_JPG_jpg.rf.a7a820ea7a17f971860a4635a92a0b96.jpg,640,640,170073,13
train,DSC_5734_JPG_jpg.rf.c4e10fe54c2bd4be6e00e546c6c1f097.jpg,640,640,88700,13
train,DSC_5734_JPG_jpg.rf.ec14e95385769ad1713495a60002330a.jpg,640,640,76375,13
train,DSC_5735_JPG_jpg.rf.6e209e4a867249b89e5e0c7b467ab908.jpg,640,640,138977,13
train,DSC_5735_JPG_jpg.rf.89ea0b112123db8d6cb53ff24ec7d427.jpg,640,640,140010,13
train,DSC_5735_JPG_jpg.rf.98221a1248110b6351be6e84000e36ce.jpg,640,640,166470,13
train,DSC_5735_JPG_jpg.rf.9d356c0b660af6ef9602a514e6bfb4d7.jpg,640,640,56808,13
train,DSC_5735_JPG_jpg.rf.a25503feec6e0671b402820fb6960eee.jpg,640,640,146811,13
train,DSC_5735_JPG_jpg.rf.bd9821b2d663c0874953d0c23efc7a20.jpg,640,640,141042,13
train,DSC_5735_JPG_jpg.rf.c8db64afe5e898e0615524c1fbc81e6b.jpg,640,640,164242,13
train,DSC_5735_JPG_jpg.rf.e81ee58710c90f93d1b26a6f7c636f1e.jpg,640,640,36094,13
train,DSC_5737_JPG_jpg.rf.198d7bb74396e3266a0a04d053ec6fd9.jpg,640,640,90737,13
train,DSC_5737_JPG_jpg.rf.3193bc8ea96893dff3a8ac265495ddeb.jpg,640,640,89016,13
train,DSC_5737_JPG_jpg.rf.4a2545898a84ae2333f92ad2bc2d8712.jpg,640,640,102321,13
train,DSC_5737_JPG_jpg.rf.7cf9464fad81fc94f5bfd17340e6bc5d.jpg,640,640,144653,13
train,DSC_5737_JPG_jpg.rf.815b0bf0c15188558448311a4b76300a.jpg,640,640,128447,13
train,DSC_5737_JPG_jpg.rf.82e6445a63f6fc3076d9b66cd162efb8.jpg,640,640,164815,13
train,DSC_5737_JPG_jpg.rf.8f77d12cea32eb915c3e854d4fda11ae.jpg,640,640,89381,13
train,DSC_5737_JPG_jpg.rf.b04d9764e5cd306303e39e7d0c99e960.jpg,640,640,149044,13
train,DSC_5739_JPG_jpg.rf.0f27ec26df4206a8d9baa24d27b2ca07.jpg,640,640,76798,12
train,DSC_5739_JPG_jpg.rf.2f58767295dbc8a0fa25913f307ca9cc.jpg,640,640,76168,12
train,DSC_5739_JPG_jpg.rf.4c17ddc46171036bf92da28be26fa2cc.jpg,640,640,168526,12
train,DSC_5739_JPG_jpg.rf.6caa7dec542c8d4789c40bf803a71e79.jpg,640,640,148785,12
train,DSC_5739_JPG_jpg.rf.7469c2abb9c965cb65db111f1c215ea6.jpg,640,640,90907,12
train,DSC_5739_JPG_jpg.rf.86292916260d9239d8f5c2e228ae5068.jpg,640,640,149504,12
train,DSC_5739_JPG_jpg.rf.c2d3be9a74c8e47c575a28a9d49337b1.jpg,640,640,176532,12
train,DSC_5739_JPG_jpg.rf.c9eccfae70daac1ff01d0f249fc44790.jpg,640,640,148578,12
train,DSC_5739_JPG_jpg.rf.dc5868658aceeee854d086ba4c8457de.jpg,640,640,76798,12
train,DSC_5741_JPG_jpg.rf.10a9f2cfd9108cd16790a3728f92d00b.jpg,640,640,152570,13
train,DSC_5741_JPG_jpg.rf.20c8cca9b0a375e6a326b9a289448643.jpg,640,640,167931,13
train,DSC_5741_JPG_jpg.rf.49ba4844e8fbe460030e605366d16af2.jpg,640,640,140541,13
train,DSC_5741_JPG_jpg.rf.529b8410faea3a193cc0c40735748e84.jpg,640,640,57660,13
train,DSC_5741_JPG_jpg.rf.52cc64ab6e4816e9a284973d72b0a15a.jpg,640,640,112129,13
train,DSC_5741_JPG_jpg.rf.8650496fa44d8de25dc7230d31708250.jpg,640,640,140032,13
train,DSC_5741_JPG_jpg.rf.9ea656ad0891178da1dd2401e94fc6c5.jpg,640,640,152255,13
train,DSC_5741_JPG_jpg.rf.ad0e72ed3ca36ac8d037e5fc1819ddc2.jpg,640,640,72976,13
train,DSC_5742_JPG_jpg.rf.35fad184660040da3d564c1d4746a2d8.jpg,640,640,101018,13
train,DSC_5742_JPG_jpg.rf.634440c761328df4af71c51e913b49f9.jpg,640,640,90802,13
train,DSC_5742_JPG_jpg.rf.bcee6b3de34ba190072d560910fa6df8.jpg,640,640,156308,13
train,DSC_5742_JPG_jpg.rf.be6a83c9ce2b2a64487b12b3e0401bdd.jpg,640,640,175183,13
train,DSC_5742_JPG_jpg.rf.cb3709b112c893745fe6d1bc4af98e39.jpg,640,640,157122,13
train,DSC_5742_JPG_jpg.rf.d2b31065fb046b4b5dd8a150088c6cc5.jpg,640,640,158442,13
train,DSC_5742_JPG_jpg.rf.da7fe079df1757d7e9d5e443b5a0e04d.jpg,640,640,169299,13
train,DSC_5742_JPG_jpg.rf.e7fe810b1bcabc9db4f96ea447ed8faf.jpg,640,640,166576,13
train,DSC_5742_JPG_jpg.rf.f0c657242354d0c0a1c91a2e466ec9ce.jpg,640,640,158442,13
train,DSC_5744_JPG_jpg.rf.15731831910d8ecd81563b754dec820e.jpg,640,640,170150,13
train,DSC_5744_JPG_jpg.rf.211d83a214fd24ac330c91b6ca56db94.jpg,640,640,101075,13
train,DSC_5744_JPG_jpg.rf.2df4237ce253082cb9695ff91ea61f8a.jpg,640,640,91068,13
train,DSC_5744_JPG_jpg.rf.3ae2beb25c4a2626e878e6a32d417efd.jpg,640,640,57012,13
train,DSC_5744_JPG_jpg.rf.51e2c0bf59c236f334897c8b05a3dbbb.jpg,640,640,170283,13
train,DSC_5744_JPG_jpg.rf.966a8595a1afecc83b6f78b85d7a4406.jpg,640,640,87594,13
train,DSC_5744_JPG_jpg.rf.af9bb376f3edbc6ac7ef89f6d2ef2aa7.jpg,640,640,120936,13
train,DSC_5744_JPG_jpg.rf.b71d93b469568465959f2d618f4a47fa.jpg,640,640,153291,13
train,DSC_5747_JPG_jpg.rf.1e50c5bfe00f60588652905f5b57f8be.jpg,640,640,165930,12
train,DSC_5747_JPG_jpg.rf.2f04e03f31c7ecb795231411e3a654da.jpg,640,640,170929,12
train,DSC_5747_JPG_jpg.rf.488811171089dc99eea1249f52e38a37.jpg,640,640,166037,12
train,DSC_5747_JPG_jpg.rf.67509825eddb312290216c0e9274cd41.jpg,640,640,172244,12
train,DSC_5747_JPG_jpg.rf.72e00a43daa9a42d1082902b62a3bf6b.jpg,640,640,102148,12
train,DSC_5747_JPG_jpg.rf.c74680b55cb6c54510bc0c23758afb65.jpg,640,640,167855,12
train,DSC_5747_JPG_jpg.rf.c81865fec6e356ca22fe108d93f8a1e1.jpg,640,640,149146,12
train,DSC_5747_JPG_jpg.rf.f05676a454c629a0ef47f33628fda2cb.jpg,640,640,166293,12
train,DSC_5749_JPG_jpg.rf.91f4d9c87a7aa832fea2701bce55cb20.jpg,640,640,157774,12
train,DSC_5749_JPG_jpg.rf.9d8656da33c58e137ddfb9b459062b5f.jpg,640,640,139354,12
train,DSC_5749_JPG_jpg.rf.9ef647d49f337ed852ea8f7eb9b5ea88.jpg,640,640,128669,12
train,DSC_5749_JPG_jpg.rf.ac73099fbcd6d8fa56b1016420b29d77.jpg,640,640,59789,12
train,DSC_5749_JPG_jpg.rf.ae7717a886462a94f1ec5fb05a257432.jpg,640,640,90267,12
train,DSC_5749_JPG_jpg.rf.b647c882fc2ab95857cbf83f8e0d2155.jpg,640,640,170020,12
train,DSC_5749_JPG_jpg.rf.bccd318ec43a1498bbc6027ba5df18c1.jpg,640,640,149251,12
train,DSC_5749_JPG_jpg.rf.cc5762dc23aac659d7a3cc65c28615e3.jpg,640,640,160136,12
train,DSC_5751_JPG_jpg.rf.6348dacabaea36f64a828146740a71fd.jpg,640,640,166433,11
train,DSC_5751_JPG_jpg.rf.73b833bcc18fef22ac65fc94f133d491.jpg,640,640,149873,11
train,DSC_5751_JPG_jpg.rf.77389510ecf1e5a6c8672f787e081b36.jpg,640,640,98602,11
train,DSC_5751_JPG_jpg.rf.93b8ba1d35a16e515ad69c43868ac7d0.jpg,640,640,153449,11
train,DSC_5751_JPG_jpg.rf.9b22b1ff85bf315e45af546e2860e5c2.jpg,640,640,56845,11
train,DSC_5751_JPG_jpg.rf.b2cf93289136f69b181ebf5bff41fdc9.jpg,640,640,127287,11
train,DSC_5751_JPG_jpg.rf.b8d3872a69a7078e9460f871dda84abd.jpg,640,640,170484,11
train,DSC_5751_JPG_jpg.rf.ee0a59c67c54f288c5ee6f820564a202.jpg,640,640,73590,11
train,DSC_5752_JPG_jpg.rf.0556371af7dcdc592fa70b47d7efefcb.jpg,640,640,161390,12
train,DSC_5752_JPG_jpg.rf.247cfa2f5d80ff44c00631b93ad16f21.jpg,640,640,127192,12
train,DSC_5752_JPG_jpg.rf.3393e0a759a8e99aac0ac5006835add2.jpg,640,640,149476,12
train,DSC_5752_JPG_jpg.rf.4fdf3a092669cbde5f0964a05d814599.jpg,640,640,161390,12
train,DSC_5752_JPG_jpg.rf.73b525760cdcad2f7156ca149f2c87a3.jpg,640,640,165466,12
train,DSC_5752_JPG_jpg.rf.931b6a21c1a6e8446d454f7d3ff48b3d.jpg,640,640,154012,12
train,DSC_5752_JPG_jpg.rf.9a7e309972d01473419cd27ff4ef77cd.jpg,640,640,163089,12
train,DSC_5752_JPG_jpg.rf.a904194293bf299a071504e73cd27b59.jpg,640,640,165466,12
train,DSC_5752_JPG_jpg.rf.a9eaec5465441aba61275f8cfbf2df70.jpg,640,640,74775,12
train,DSC_5752_JPG_jpg.rf.ed7d8b08c90c9ef8d0053df13ae6b82f.jpg,640,640,126942,12
train,DSC_5753_JPG_jpg.rf.5348a9c07f884b47333723362847fd56.jpg,640,640,157899,11
train,DSC_5753_JPG_jpg.rf.64ab318c69aca9a696a25f89b51ca947.jpg,640,640,57333,11
train,DSC_5753_JPG_jpg.rf.acee2b49a5b23f9f2eace2c3eacec3f1.jpg,640,640,57409,11
train,DSC_5753_JPG_jpg.rf.b5a7501ecc0cb69b72a30b146fbc557c.jpg,640,640,139060,11
train,DSC_5753_JPG_jpg.rf.db1308a05bd1e97df2df39de5ba545ad.jpg,640,640,161572,11
train,DSC_5753_JPG_jpg.rf.e32b110a0829e9fc0e69aa3c5886ddda.jpg,640,640,56381,11
train,DSC_5753_JPG_jpg.rf.e7681394c3da26ba8340be9549f83a00.jpg,640,640,148346,11
train,DSC_5753_JPG_jpg.rf.ec9144512f0826318bdf29112a52f307.jpg,640,640,127583,11
train,DSC_5756_JPG_jpg.rf.23e4d8054d9434de2a1f47bf2dc26020.jpg,640,640,154633,11
train,DSC_5756_JPG_jpg.rf.45b849f9b3c31b257cc7f6742d833fa3.jpg,640,640,127093,11
train,DSC_5756_JPG_jpg.rf.4751905195fa1f41cc188ce55a080b90.jpg,640,640,56703,11
train,DSC_5756_JPG_jpg.rf.59acf8add3d5b3edae6503a138fc999b.jpg,640,640,152548,11
train,DSC_5756_JPG_jpg.rf.6a66676d5e82745deefa83edd4383329.jpg,640,640,56448,11
train,DSC_5756_JPG_jpg.rf.807afd996da3f5673c945b3ae84ea073.jpg,640,640,140493,11
train,DSC_5756_JPG_jpg.rf.a99f38a84fdb37c2906e87247d6d5c83.jpg,640,640,101441,11
train,DSC_5756_JPG_jpg.rf.e3929cf2ae03863513c18113d4f24737.jpg,640,640,171929,11
train,DSC_5758_JPG_jpg.rf.00b676a14ca7a4c533775dd929c9abac.jpg,640,640,164031,12
train,DSC_5758_JPG_jpg.rf.04c6c1cd25532e8b0bffda72a6200a0b.jpg,640,640,98513,12
train,DSC_5758_JPG_jpg.rf.15e0fbec15a907c4cb97e6a8edfa8376.jpg,640,640,166992,12
train,DSC_5758_JPG_jpg.rf.2ee3b9bd2062c64b7362b2071a1e3544.jpg,640,640,87264,12
train,DSC_5758_JPG_jpg.rf.73d639be3d4edb66c470d774d7cbad00.jpg,640,640,86421,12
train,DSC_5758_JPG_jpg.rf.7f6eb2fea2dc5161b487729ee45c8a5b.jpg,640,640,134980,12
train,DSC_5758_JPG_jpg.rf.83fc76689aa2e40695531ee8a6aca268.jpg,640,640,164966,12
train,DSC_5758_JPG_jpg.rf.a9835e702ae2ce4227b23a1477d97ae9.jpg,640,640,164265,12
train,DSC_5759_JPG_jpg.rf.063086873de7bebbdf31ccb512453884.jpg,640,640,162078,13
train,DSC_5759_JPG_jpg.rf.27dd4df1254b18faca91a83e5a329905.jpg,640,640,57317,13
train,DSC_5759_JPG_jpg.rf.2d79bb661b5f7d40fead9e096f2c627b.jpg,640,640,166289,13
train,DSC_5759_JPG_jpg.rf.31ecf2e69286def0c31e613b2e082c22.jpg,640,640,158221,13
train,DSC_5759_JPG_jpg.rf.42dc123042344d06cb2bca7e55060247.jpg,640,640,142960,13
train,DSC_5759_JPG_jpg.rf.5ec07745f205758dc4e00e09bb0684ca.jpg,640,640,119306,13
train,DSC_5759_JPG_jpg.rf.9463ebc22421767e5dddae84d0ea8610.jpg,640,640,166289,13
train,DSC_5759_JPG_jpg.rf.94ae4aacc20768084f768246ca7ad61b.jpg,640,640,163846,13
train,DSC_5759_JPG_jpg.rf.a9d7a89130645b353df1526f322fd96f.jpg,640,640,88691,13
train,DSC_5760_JPG_jpg.rf.3cae51d0d8619cd62cc8960e0ae8d4b4.jpg,640,640,102555,13
train,DSC_5760_JPG_jpg.rf.43f1b49d418f7fc85ac91b6e5d06c01d.jpg,640,640,102824,13
train,DSC_5760_JPG_jpg.rf.5726c804ef5cf3a7fed8364041d00f5d.jpg,640,640,134282,13
train,DSC_5760_JPG_jpg.rf.6e64937806969b64968b7858f2be8de9.jpg,640,640,75173,13
train,DSC_5760_JPG_jpg.rf.713f91b192915c0dafaab9521266bfbc.jpg,640,640,157040,13
train,DSC_5760_JPG_jpg.rf.a5363e7ba482ab42e4665663514d55cb.jpg,640,640,101998,13
train,DSC_5760_JPG_jpg.rf.aafbc1037975c319dc418ce852ebbb51.jpg,640,640,101913,13
train,DSC_5760_JPG_jpg.rf.e7aa9acea2484d3d8c7232f091c56f51.jpg,640,640,120277,13
train,DSC_5761_JPG_jpg.rf.17e70f858ab88b4a4acfc168752f5c52.jpg,640,640,90170,12
train,DSC_5761_JPG_jpg.rf.239f77452471ab5583aeefccf4da29cb.jpg,640,640,102982,12
train,DSC_5761_JPG_jpg.rf.34fa7aed53c3856bd9ae32c49f8aaeb7.jpg,640,640,156930,12
train,DSC_5761_JPG_jpg.rf.63df32830328509184b0fe23b6e99ae6.jpg,640,640,112475,12
train,DSC_5761_JPG_jpg.rf.820a86c57b09761a221be2f1349880ce.jpg,640,640,168595,12
train,DSC_5761_JPG_jpg.rf.92561f1c18a5827961b475a1568281eb.jpg,640,640,170278,12
train,DSC_5761_JPG_jpg.rf.9ae350e1e3e90a5a18e40b2b8065a7f3.jpg,640,640,113898,12
train,DSC_5761_JPG_jpg.rf.ede5b64f7083450579de2caa8407ae4f.jpg,640,640,110201,12
train,DSC_5762_JPG_jpg.rf.088977bb2938c51b8b55ce5301125113.jpg,640,640,133505,12
train,DSC_5762_JPG_jpg.rf.2198e510b3aa2c0e91f5bf26638a88f8.jpg,640,640,120370,12
train,DSC_5762_JPG_jpg.rf.2b60405aea8595be278ce296ff5b248a.jpg,640,640,160416,12
train,DSC_5762_JPG_jpg.rf.3126db07a01e74920c73d9514ff22fc5.jpg,640,640,160271,12
train,DSC_5762_JPG_jpg.rf.84ffbc47242445eee2531863eb141563.jpg,640,640,160271,12
train,DSC_5762_JPG_jpg.rf.991ac011a0adec725aa47ee793627f2a.jpg,640,640,162649,12
train,DSC_5762_JPG_jpg.rf.a351a0615c342843a49ab11198a7e224.jpg,640,640,163781,12
train,DSC_5762_JPG_jpg.rf.dfab35e9a4c5a65e1ff9d5ae03af68a7.jpg,640,640,88371,12
train,DSC_5762_JPG_jpg.rf.f38e03e0b6a73b0d08a69f6cffdf6e8e.jpg,640,640,168840,12
train,DSC_5763_JPG_jpg.rf.0b70d02e7cd4dde7107074e8e72c1912.jpg,640,640,112203,12
train,DSC_5763_JPG_jpg.rf.199a808bf21f4984e21422104a68e045.jpg,640,640,88456,12
train,DSC_5763_JPG_jpg.rf.270c47d76ffb94373ecc6f8eb9ca89b7.jpg,640,640,56489,12
train,DSC_5763_JPG_jpg.rf.520be19bb843d051686f4bcb187d2cdc.jpg,640,640,167970,12
train,DSC_5763_JPG_jpg.rf.6fbea7f54ca8500b4753cd6a3819a514.jpg,640,640,101459,12
train,DSC_5763_JPG_jpg.rf.c613e1fd842a1b8291d1cbecd31a09e6.jpg,640,640,140111,12
train,DSC_5763_JPG_jpg.rf.f24a673e8f7e2c3eb07cad0203d68d03.jpg,640,640,149120,12
train,DSC_5763_JPG_jpg.rf.f89b58834853b6f5112f1b950f2e6469.jpg,640,640,176280,12
train,DSC_5764_JPG_jpg.rf.17998bcfe1df8bbd0776691f7466e75f.jpg,640,640,173669,13
train,DSC_5764_JPG_jpg.rf.1bee86d5666b198c8d2f535b6aff011c.jpg,640,640,160828,13
train,DSC_5764_JPG_jpg.rf.6022c0ffe8d462a975e5836ccff7e7d9.jpg,640,640,126805,13
train,DSC_5764_JPG_jpg.rf.9ce876d4d2646719649e1626b380285e.jpg,640,640,164845,13
train,DSC_5764_JPG_jpg.rf.c54877a9b0e90b6578f18dc48319301c.jpg,640,640,168967,13
train,DSC_5764_JPG_jpg.rf.ca1ae19a0c1e4418661746c355ffdbfa.jpg,640,640,141355,13
train,DSC_5764_JPG_jpg.rf.cd7a3ad5ba20d0ef17b1f46b9914789a.jpg,640,640,57104,13
train,DSC_5764_JPG_jpg.rf.e314efd3993c933d10e74b328ea7ac30.jpg,640,640,167135,13
train,DSC_5764_JPG_jpg.rf.e5c25c86e41cc0118d2ece00bb98a311.jpg,640,640,168967,13
train,DSC_5765_JPG_jpg.rf.0711fe46362fb2609314978d30674780.jpg,640,640,38726,13
train,DSC_5765_JPG_jpg.rf.221d3a0d4167356b554b5036719b68de.jpg,640,640,89401,13
train,DSC_5765_JPG_jpg.rf.3db8473890d4e9ab1405fdd3ce30b93c.jpg,640,640,100897,13
train,DSC_5765_JPG_jpg.rf.4b0bb4b379687293165e421dc53f762e.jpg,640,640,140427,13
train,DSC_5765_JPG_jpg.rf.66ccce33aa41c39066222da96be00894.jpg,640,640,120468,13
train,DSC_5765_JPG_jpg.rf.8a9e8490f416445028fedb1301909447.jpg,640,640,163350,13
train,DSC_5765_JPG_jpg.rf.c46cf3cf18796e3c2be3c1a1e524a186.jpg,640,640,167400,13
train,DSC_5765_JPG_jpg.rf.d73b31ce369af11641ecaac658f477df.jpg,640,640,167330,13
train,DSC_5766_JPG_jpg.rf.361c5099448aba63bedccc7a1557b2ce.jpg,640,640,110081,13
train,DSC_5766_JPG_jpg.rf.5cc8ad13b23b81d480c197e9b70f34e6.jpg,640,640,99602,13
train,DSC_5766_JPG_jpg.rf.6401b89ef4927c200722dd537e5396b9.jpg,640,640,164764,13
train,DSC_5766_JPG_jpg.rf.867715b9bc722451ad18f38957fffe73.jpg,640,640,164256,13
train,DSC_5766_JPG_jpg.rf.9bbb7262edb3371fe16f72562aa6189a.jpg,640,640,152497,13
train,DSC_5766_JPG_jpg.rf.e488c5b9d00db2dc0c4974ea4af8d080.jpg,640,640,101293,13
train,DSC_5766_JPG_jpg.rf.efda6c0e81b2266dfd7916b769878cd7.jpg,640,640,132420,13
train,DSC_5766_JPG_jpg.rf.f49884cdb421dafba0bf4282504eac3e.jpg,640,640,161188,13
train,DSC_5767_JPG_jpg.rf.0098b90326188a0a95a7ab3c1118bf0e.jpg,640,640,143787,12
train,DSC_5767_JPG_jpg.rf.055e51ffb27bb90761dafb68dfba2aaf.jpg,640,640,38369,12
train,DSC_5767_JPG_jpg.rf.1efd99b30ec7c880dd05978e69ff049f.jpg,640,640,112047,12
train,DSC_5767_JPG_jpg.rf.2f96678223e273592ea9404772bbe913.jpg,640,640,165984,12
train,DSC_5767_JPG_jpg.rf.4aad0d85e854f6327aeed0ba3b34e2d1.jpg,640,640,140873,12
train,DSC_5767_JPG_jpg.rf.5ca3d1ce334dc19ed71a93c4a1499ee6.jpg,640,640,170995,12
train,DSC_5767_JPG_jpg.rf.61908ed276b219041e1d5d9abd78586e.jpg,640,640,111514,12
train,DSC_5767_JPG_jpg.rf.a78ce05beddb025c9f0fc773a727b660.jpg,640,640,164937,12
train,DSC_5768_JPG_jpg.rf.56f9beeb940605f1628321c512c5352c.jpg,640,640,153093,11
train,DSC_5768_JPG_jpg.rf.5b966d30e18c5335b0209d36342bca02.jpg,640,640,147629,11
train,DSC_5768_JPG_jpg.rf.690f20f6dcd47b4b5d5a97facced4959.jpg,640,640,141322,11
train,DSC_5768_JPG_jpg.rf.7f480854d53ba74b21a0ddff517ac534.jpg,640,640,140189,11
train,DSC_5768_JPG_jpg.rf.8c06e17c65fa198165d33b05c8b44574.jpg,640,640,126555,11
train,DSC_5768_JPG_jpg.rf.9d9a16b23bfe84a02d65f505c3bde5e0.jpg,640,640,145590,11
train,DSC_5768_JPG_jpg.rf.baf756883e42d3a87b1c429a162d934b.jpg,640,640,159736,11
train,DSC_5768_JPG_jpg.rf.d0b2fc3068c1c3f2451db01cd4643ef0.jpg,640,640,140189,11
train,DSC_5768_JPG_jpg.rf.e268fea1cb8f056e01cf90f231bc31dd.jpg,640,640,164723,11
train,DSC_5770_JPG_jpg.rf.554cb2304c4c9a27c430a3d2952aaddf.jpg,640,640,161012,12
train,DSC_5770_JPG_jpg.rf.859c7d0ce6ff45e7573c1eeacf0ddca1.jpg,640,640,156046,12
train,DSC_5770_JPG_jpg.rf.a0628b321779ae44a23553ba25adf769.jpg,640,640,165492,12
train,DSC_5770_JPG_jpg.rf.be018cde0d4dfd7ac80e35934179baa5.jpg,640,640,90694,12
train,DSC_5770_JPG_jpg.rf.c19f2509f32d7955af402b687cfd60d1.jpg,640,640,133986,12
train,DSC_5770_JPG_jpg.rf.d3e41a52182241034042bc43450e85df.jpg,640,640,118573,12
train,DSC_5770_JPG_jpg.rf.de43d3bc54e8f2689b30e799285aec77.jpg,640,640,127388,12
train,DSC_5770_JPG_jpg.rf.de64b54238222c12606772f7d4f7b747.jpg,640,640,171296,12
train,DSC_5771_JPG_jpg.rf.379729321be28b2e6d14b20f59cad4d4.jpg,640,640,174352,12
train,DSC_5771_JPG_jpg.rf.444f6622cf74783a696e3dbf54e96086.jpg,640,640,168008,12
train,DSC_5771_JPG_jpg.rf.47ce80bb5eca7847cac7e5075bfb2a07.jpg,640,640,145347,12
train,DSC_5771_JPG_jpg.rf.67fca7c63592a4b818e254cd677247d3.jpg,640,640,77351,12
train,DSC_5771_JPG_jpg.rf.8d539540ab9a254c5ad5b3c50d3d9934.jpg,640,640,145347,12
train,DSC_5771_JPG_jpg.rf.9ab2dc323ee44f6491f8ecaadc617462.jpg,640,640,129990,12
train,DSC_5771_JPG_jpg.rf.a082a4593f9907e88c13e6081726cd33.jpg,640,640,86126,12
train,DSC_5771_JPG_jpg.rf.f427266639d169a180c65d2eb271ecf2.jpg,640,640,135031,12
train,DSC_5771_JPG_jpg.rf.f761841a0c57d3fb5928f9cd0ada5eea.jpg,640,640,161799,12
train,DSC_5772_JPG_jpg.rf.1c3ccb95cf548274a767d6bdd1dd5eae.jpg,640,640,101254,12
train,DSC_5772_JPG_jpg.rf.4506f9923d52d12a2291dfc4e789763d.jpg,640,640,57148,12
train,DSC_5772_JPG_jpg.rf.62a0e5c2b84c1d59edc409c723c4d5ac.jpg,640,640,169960,12
train,DSC_5772_JPG_jpg.rf.8855da1b80d39f839a6dd88a0937b27d.jpg,640,640,150772,12
train,DSC_5772_JPG_jpg.rf.a742026b6cdc647ff3d308d79ca294d9.jpg,640,640,127243,12
train,DSC_5772_JPG_jpg.rf.aefc283ae59a081177d5e125e7c5f17a.jpg,640,640,57264,12
train,DSC_5772_JPG_jpg.rf.c9410a731b422815b99707ee2f1014c8.jpg,640,640,133445,12
train,DSC_5772_JPG_jpg.rf.d783651f2a8991935ffdfeff92235241.jpg,640,640,90539,12
train,DSC_5773_JPG_jpg.rf.1464a0ea2576f0a7c2c9f8b6bf90ea7d.jpg,640,640,86057,12
train,DSC_5773_JPG_jpg.rf.14e386e489c37f1872b075d0fe04595b.jpg,640,640,145946,12
train,DSC_5773_JPG_jpg.rf.1ec730947e5e425fb59273475fcfae23.jpg,640,640,175990,12
train,DSC_5773_JPG_jpg.rf.470a551127b58f4c0255a9eb467d14f6.jpg,640,640,132302,12
train,DSC_5773_JPG_jpg.rf.607384fe13dbd4b1d130c3824c2d88cf.jpg,640,640,156563,12
train,DSC_5773_JPG_jpg.rf.7e76d1b40611082f7c727f4e48e1d849.jpg,640,640,133273,12
train,DSC_5773_JPG_jpg.rf.c249dbe15b1a3178c9e56ae3b9405b16.jpg,640,640,163786,12
train,DSC_5773_JPG_jpg.rf.c2b619508d69986b7d5120c6c77661a9.jpg,640,640,111646,12
train,DSC_5773_JPG_jpg.rf.cb5598a750c1b252574fcb98eb5b88d4.jpg,640,640,145946,12
train,DSC_5775_JPG_jpg.rf.013424eddeb3bb522d78a1f14132833d.jpg,640,640,169097,10
train,DSC_5775_JPG_jpg.rf.08c4276d01366217881366fb18c15d6d.jpg,640,640,170180,10
train,DSC_5775_JPG_jpg.rf.3d23015d69d39771324876c423217ab2.jpg,640,640,171594,10
train,DSC_5775_JPG_jpg.rf.62991e5bcc0fe3ba6609d8a0c40e683b.jpg,640,640,55834,10
train,DSC_5775_JPG_jpg.rf.658cd7d1bee2faf4cf34d7fe7c6df56a.jpg,640,640,170488,10
train,DSC_5775_JPG_jpg.rf.7f4e01246fdc3edf46c626b18183b968.jpg,640,640,138222,10
train,DSC_5775_JPG_jpg.rf.8eab451bd7155f2c2da85574d5f68741.jpg,640,640,57011,10
train,DSC_5775_JPG_jpg.rf.e6dcdfb7566aa7fdc3672524ef7bd94a.jpg,640,640,148825,10
train,DSC_5776_JPG_jpg.rf.03f5bec5db8bdea106513e81c97cfe16.jpg,640,640,57827,9
train,DSC_5776_JPG_jpg.rf.11970365028e9b7a092f4285ffaecf8b.jpg,640,640,166064,9
train,DSC_5776_JPG_jpg.rf.1ecb6516f25c38399e5e6389b1a83eef.jpg,640,640,137702,9
train,DSC_5776_JPG_jpg.rf.60c52f84f3cb3b44c51a876e1b5c3f37.jpg,640,640,88715,9
train,DSC_5776_JPG_jpg.rf.95bfa5d1c803976b9465dede30078c94.jpg,640,640,116894,9
train,DSC_5776_JPG_jpg.rf.a875171d4734f44e59c8c44f0dc1d1a4.jpg,640,640,138664,9
train,DSC_5776_JPG_jpg.rf.b7289dc4778d125862d2fd6ba02a870b.jpg,640,640,155859,9
train,DSC_5776_JPG_jpg.rf.f98b468010e4e92f545fc90e2ca1fd36.jpg,640,640,160657,9
train,DSC_5777_JPG_jpg.rf.138309b02e0a6f4d55dc6d1b7519e9b2.jpg,640,640,73770,10
train,DSC_5777_JPG_jpg.rf.2ba6891d8326440524948bf95ce32151.jpg,640,640,108818,10
train,DSC_5777_JPG_jpg.rf.328c87dd3fc3430f0460f10789c78d53.jpg,640,640,133592,10
train,DSC_5777_JPG_jpg.rf.3d92220280edfb484974742f6ed3e560.jpg,640,640,97708,10
train,DSC_5777_JPG_jpg.rf.84aa5cfc335cdae7a51cc69971882842.jpg,640,640,138615,10
train,DSC_5777_JPG_jpg.rf.a8d534e65405051da9b0e77258010e95.jpg,640,640,101282,10
train,DSC_5777_JPG_jpg.rf.debf66bec9cbf2c2bba6a00b674ffca7.jpg,640,640,169635,10
train,DSC_5777_JPG_jpg.rf.edb9373fd783cf83555dcb6eee775aff.jpg,640,640,168119,10
train,DSC_5778_JPG_jpg.rf.00520d4ee95d5f4ae5efc34ea9969fbc.jpg,640,640,72724,9
train,DSC_5778_JPG_jpg.rf.1588ac07622ed296ef77cacbb787a3cb.jpg,640,640,126677,9
train,DSC_5778_JPG_jpg.rf.1bc5c4a113d50660acf282074988eacd.jpg,640,640,151240,9
train,DSC_5778_JPG_jpg.rf.3f4540382b8e2d01e80363b3e3f21dca.jpg,640,640,117752,9
train,DSC_5778_JPG_jpg.rf.65b1e83719abcf8a40352ee05b9b46c6.jpg,640,640,133856,9
train,DSC_5778_JPG_jpg.rf.85e2dde38649d98ad5a3888a5358189b.jpg,640,640,99876,9
train,DSC_5778_JPG_jpg.rf.ed5a9c3a100f0176d03d87b9f561a58a.jpg,640,640,161595,9
train,DSC_5778_JPG_jpg.rf.fb9dc1d45b60f6705a3debf5641cf159.jpg,640,640,147587,9
train,DSC_5779_JPG_jpg.rf.0bbf7840fe9399edfd97006fea25dd13.jpg,640,640,143560,7
train,DSC_5779_JPG_jpg.rf.1b402712fc80aa74c87e97907f263af3.jpg,640,640,151452,7
train,DSC_5779_JPG_jpg.rf.1d1b269590be6d311f317cbf17069095.jpg,640,640,54828,7
train,DSC_5779_JPG_jpg.rf.274c11b6dbb0cb5b6a6084d4c7818d4e.jpg,640,640,139077,7
train,DSC_5779_JPG_jpg.rf.3b317913b71608656c33d414da34738b.jpg,640,640,127551,7
train,DSC_5779_JPG_jpg.rf.d22a237d8d06c048fe388a3142be9c49.jpg,640,640,108102,7
train,DSC_5779_JPG_jpg.rf.d2c48e088f5d22e8a90ef1aedae02cd6.jpg,640,640,148443,7
train,DSC_5779_JPG_jpg.rf.dcc504f9f5e943eec2a6732d8332b948.jpg,640,640,110008,7
train,DSC_5779_JPG_jpg.rf.fd7aacb528a95ced36e4294e1d094164.jpg,640,640,127551,7
train,DSC_5781_JPG_jpg.rf.45ad68a2a4fe6793158814e722b7dbc5.jpg,640,640,162741,8
train,DSC_5781_JPG_jpg.rf.4d09ab07f6e8bd6c112b15268fe3cf31.jpg,640,640,146203,8
train,DSC_5781_JPG_jpg.rf.601adc2fc58b1015d4dd04429ed6be89.jpg,640,640,151861,8
train,DSC_5781_JPG_jpg.rf.86957117eb079e6a9d0e6e6591dce88c.jpg,640,640,143610,8
train,DSC_5781_JPG_jpg.rf.9315af472b1a8565871c02d429b64447.jpg,640,640,164677,8
train,DSC_5781_JPG_jpg.rf.a9c673eaf8fde78ed6659517db72bf93.jpg,640,640,100867,8
train,DSC_5781_JPG_jpg.rf.be6160a5fd2914109ef3779f2eaa7692.jpg,640,640,55738,8
train,DSC_5781_JPG_jpg.rf.f72bad490dd2acdbe3a8d668feeebe39.jpg,640,640,168340,8
train,DSC_5782_JPG_jpg.rf.07666776092052410b5a272d6ce94bc5.jpg,640,640,163835,9
train,DSC_5782_JPG_jpg.rf.245c2b81b0a23a82f96d57acc6399cce.jpg,640,640,168436,9
train,DSC_5782_JPG_jpg.rf.a2508aa9ae2c1a6b7188b96c8e192bdb.jpg,640,640,121237,9
train,DSC_5782_JPG_jpg.rf.a8fcfdddacbd15c7779e7da8f6a89ad5.jpg,640,640,128168,9
train,DSC_5782_JPG_jpg.rf.be043ed7bb450035f20d84c496b42c7d.jpg,640,640,70882,9
train,DSC_5782_JPG_jpg.rf.c49475d1500234979622b746df37ae01.jpg,640,640,152657,9
train,DSC_5782_JPG_jpg.rf.ce660aa7d268d42a1f0ad6a1075308af.jpg,640,640,160842,9
train,DSC_5782_JPG_jpg.rf.ced09e92f6a61c13f568ef9235dadec9.jpg,640,640,35136,9
train,DSC_5783_JPG_jpg.rf.26fa078c30bc8ad5bd69601da318a65f.jpg,640,640,163945,10
train,DSC_5783_JPG_jpg.rf.2971b5f559003d8bf2333de57e804d4e.jpg,640,640,126149,10
train,DSC_5783_JPG_jpg.rf.3f6bd7ad78af730d06dfb8e9485491fb.jpg,640,640,159905,10
train,DSC_5783_JPG_jpg.rf.4424ef8936e49fa91660d62de8ac629d.jpg,640,640,141824,10
train,DSC_5783_JPG_jpg.rf.a18693c9e315b6141ff48368fdcf3b25.jpg,640,640,139215,10
train,DSC_5783_JPG_jpg.rf.b418f514bcd0cd44f1506667094d3174.jpg,640,640,156348,10
train,DSC_5783_JPG_jpg.rf.cb8e710d40a478cb40c9ed8018330de6.jpg,640,640,127693,10
train,DSC_5783_JPG_jpg.rf.d408cce6910111949f1955d5b8ec53ec.jpg,640,640,166453,10
train,DSC_5784_JPG_jpg.rf.1c5e97bc9292be57f5e53a8b87f5819b.jpg,640,640,155935,13
train,DSC_5784_JPG_jpg.rf.203402183b07baf046069aa028fc0478.jpg,640,640,154256,13
train,DSC_5784_JPG_jpg.rf.2c7e225d3bf49c7f4745738b55c9ce9f.jpg,640,640,158821,13
train,DSC_5784_JPG_jpg.rf.3bbdf825c43f7690936fe7f9552e4cad.jpg,640,640,175033,13
train,DSC_5784_JPG_jpg.rf.aa08b0372a1192220a0d8341fa79e384.jpg,640,640,58663,13
train,DSC_5784_JPG_jpg.rf.cd085503e3d754274f42267f40a99a7c.jpg,640,640,171528,13
train,DSC_5784_JPG_jpg.rf.d6b080545cf4c18e644ecbb9028b11e6.jpg,640,640,158821,13
train,DSC_5784_JPG_jpg.rf.dc62e8384318f7b4f6bea2d02f633d7c.jpg,640,640,162730,13
train,DSC_5784_JPG_jpg.rf.de96a7a3698c27556bc20af24f6aa123.jpg,640,640,162730,13
train,DSC_5784_JPG_jpg.rf.fb8697742059243e9bde0ac36f498ec2.jpg,640,640,127025,13
train,DSC_5785_JPG_jpg.rf.0cdf188adfa94240a965b85e490e8234.jpg,640,640,171380,16
train,DSC_5785_JPG_jpg.rf.16e513256e62434ce1219d747a52e470.jpg,640,640,163314,16
train,DSC_5785_JPG_jpg.rf.25fc3143dea91e1a49c84e3f4efbd4ed.jpg,640,640,125702,16
train,DSC_5785_JPG_jpg.rf.649adf93bcf8f07f8733ca2be2dbfdf2.jpg,640,640,58583,16
train,DSC_5785_JPG_jpg.rf.7ec13b40ee25b29c26950efd041b4b00.jpg,640,640,126578,16
train,DSC_5785_JPG_jpg.rf.87e2ed55b4dd593b48cdad765a317761.jpg,640,640,100304,16
train,DSC_5785_JPG_jpg.rf.c916ac041bb6fa6032a2b1b3d8bf407e.jpg,640,640,141844,16
train,DSC_5785_JPG_jpg.rf.d04c6e77576224ed71a1e38a241b045c.jpg,640,640,177045,16
train,DSC_5786_JPG_jpg.rf.0d9772a4a0170fba620219bb753118fa.jpg,640,640,157936,17
train,DSC_5786_JPG_jpg.rf.1fc92b20585a958eef6775d69285ceb9.jpg,640,640,75345,17
train,DSC_5786_JPG_jpg.rf.34b717af769b33d8b4ac29097f3b2a5f.jpg,640,640,152809,17
train,DSC_5786_JPG_jpg.rf.a2a5b7b12b88d2d1775b22e70675db42.jpg,640,640,61262,17
train,DSC_5786_JPG_jpg.rf.b477c1241dbfb34d398c039a8e43ef8c.jpg,640,640,170515,17
train,DSC_5786_JPG_jpg.rf.b9b82e67252d889b2f63bf719fda8652.jpg,640,640,139790,17
train,DSC_5786_JPG_jpg.rf.d99735024d4890488a92b0e09c7a15d2.jpg,640,640,89869,17
train,DSC_5786_JPG_jpg.rf.eb56f6203dfa8fda9c19cfff8b914faa.jpg,640,640,171797,17
train,DSC_5788_JPG_jpg.rf.286c7617c052952149b5f3f1cecbfbde.jpg,640,640,156662,18
train,DSC_5788_JPG_jpg.rf.2bd64c4b6d2476cdcfc5e4ec61916c7b.jpg,640,640,136376,18
train,DSC_5788_JPG_jpg.rf.9d9ba683e726eb20062798d27b3ea883.jpg,640,640,109326,18
train,DSC_5788_JPG_jpg.rf.a66b810255364b951dc68fedb250e4e8.jpg,640,640,126910,18
train,DSC_5788_JPG_jpg.rf.a8deb6147de0ce4cc6a75a55e54e6f36.jpg,640,640,58962,18
train,DSC_5788_JPG_jpg.rf.ace1f92db99be376c0faea5351b1e6bf.jpg,640,640,76438,18
train,DSC_5788_JPG_jpg.rf.afd3f458f0fcc73e1daa6fde6b4b4796.jpg,640,640,151489,18
train,DSC_5788_JPG_jpg.rf.d400b14fef6d2d5b53aeac337875a247.jpg,640,640,140307,18
train,DSC_5789_JPG_jpg.rf.024c0edc1aeced06561eccd276a38ef0.jpg,640,640,172649,17
train,DSC_5789_JPG_jpg.rf.02ef1f5ab0eb5d6803d2f73d827bc7a0.jpg,640,640,146308,17
train,DSC_5789_JPG_jpg.rf.3fab3da6d4c51b0897f03cab47374591.jpg,640,640,177062,17
train,DSC_5789_JPG_jpg.rf.9753c165b9d03be3ea12b71c7a57cdf8.jpg,640,640,150660,17
train,DSC_5789_JPG_jpg.rf.d028890a6bf2a7e19bd2a48efcc88b1b.jpg,640,640,140444,17
train,DSC_5789_JPG_jpg.rf.d4f008ae4f38240da0f373ecd0fd8b29.jpg,640,640,171084,17
train,DSC_5789_JPG_jpg.rf.e0c358a553f540670f12fd723908389c.jpg,640,640,149727,17
train,DSC_5789_JPG_jpg.rf.ec97a9d61bf566d5a83923adb44efda9.jpg,640,640,130139,17
train,DSC_5791_JPG_jpg.rf.187e2a2ba24c89e4f9edc8b4815c6ecf.jpg,640,640,161318,21
train,DSC_5791_JPG_jpg.rf.26b3cfd7ce9defd1eaaa59bfec40294c.jpg,640,640,103421,21
train,DSC_5791_JPG_jpg.rf.271b83b5176c74e7538754b0e13bcaef.jpg,640,640,174640,21
train,DSC_5791_JPG_jpg.rf.275d1d5bff8db189df81e8b9780e7994.jpg,640,640,78128,21
train,DSC_5791_JPG_jpg.rf.39860e85a139530168bc8b9e14a385e1.jpg,640,640,103421,21
train,DSC_5791_JPG_jpg.rf.7ac82ffd73077f387c25d0c80279d321.jpg,640,640,156692,21
train,DSC_5791_JPG_jpg.rf.e7a6c5952f44c513ab979d52521f5814.jpg,640,640,157151,21
train,DSC_5791_JPG_jpg.rf.e99736bbf2c8e09f4b8416f229ea4a0a.jpg,640,640,154729,21
train,DSC_5791_JPG_jpg.rf.f9e9473a674c3c05bf26288fcebf7ca4.jpg,640,640,169970,21
train,DSC_5792_JPG_jpg.rf.194de07080bec5e244acfaf2d68a0564.jpg,640,640,163276,22
train,DSC_5792_JPG_jpg.rf.4ee53562f342d1a6831be6dc6404e7ff.jpg,640,640,165415,22
train,DSC_5792_JPG_jpg.rf.653d9247a9627b777942e2c801e3fbef.jpg,640,640,59532,22
train,DSC_5792_JPG_jpg.rf.98c1788335ad8d3f123ec0e14244d07f.jpg,640,640,145316,22
train,DSC_5792_JPG_jpg.rf.aa86cb4cfa824252998c84f08aa80d8e.jpg,640,640,172567,22
train,DSC_5792_JPG_jpg.rf.b882634e7fe6efa1277bb9a2fe2fec70.jpg,640,640,76775,22
train,DSC_5792_JPG_jpg.rf.be26b0b63f297ea4000224f51fe5504e.jpg,640,640,149719,22
train,DSC_5792_JPG_jpg.rf.e42ad9e08a25861c2aa7e0475e9235b5.jpg,640,640,128364,22
train,DSC_5793_JPG_jpg.rf.088025ca77def96602610ab6d68841e5.jpg,640,640,157625,23
train,DSC_5793_JPG_jpg.rf.1f186c038a22f82753c6203645b6e558.jpg,640,640,154157,23
train,DSC_5793_JPG_jpg.rf.3b2259c6e2d0633f27f6b9b76c91bff3.jpg,640,640,141596,23
train,DSC_5793_JPG_jpg.rf.5a5cae25130b2222d6c74100486f06f0.jpg,640,640,135679,23
train,DSC_5793_JPG_jpg.rf.7c550fb0a92a0f2fa0f6d6c4855aa910.jpg,640,640,91915,23
train,DSC_5793_JPG_jpg.rf.7e0115c4d484522a0fdc4e33dd3b11c7.jpg,640,640,92913,23
train,DSC_5793_JPG_jpg.rf.aa0d1a61a72baac145d2efdfa1a6bc41.jpg,640,640,151751,23
train,DSC_5793_JPG_jpg.rf.eb998b852d215966289e4f8beadc753b.jpg,640,640,61652,23
train,DSC_5794_JPG_jpg.rf.3a32f77d07417625d540b0d0638fdab3.jpg,640,640,120264,25
train,DSC_5794_JPG_jpg.rf.7e8ac55c97403a9e9593d13b1a0310c6.jpg,640,640,149453,25
train,DSC_5794_JPG_jpg.rf.82ec64a7f3211a1c3159e0a40b572765.jpg,640,640,168732,25
train,DSC_5794_JPG_jpg.rf.9e1cef7f053ceb38df44d16ab75d4671.jpg,640,640,122132,25
train,DSC_5794_JPG_jpg.rf.c0564d6720205d9c143f1131fe79db65.jpg,640,640,141445,25
train,DSC_5794_JPG_jpg.rf.cae566ece076fe3475a10212e194e021.jpg,640,640,151564,25
train,DSC_5794_JPG_jpg.rf.d86ddd4bfa419fe52ca379724384bc96.jpg,640,640,175724,25
train,DSC_5794_JPG_jpg.rf.df729fbf9e1f4fcae786ea19200d514b.jpg,640,640,165065,25
train,DSC_5795_JPG_jpg.rf.3af409582a04aa45e198f4df6326091e.jpg,640,640,146720,26
train,DSC_5795_JPG_jpg.rf.4710535649ab6c4c0d6e600454dd37a7.jpg,640,640,102130,26
train,DSC_5795_JPG_jpg.rf.5b9e1a397e8172e845b516949d2f7df1.jpg,640,640,158755,26
train,DSC_5795_JPG_jpg.rf.8542b509ec0e7dea8702d008263b83b0.jpg,640,640,145208,26
train,DSC_5795_JPG_jpg.rf.960a031ec7b596b0f00488f96d39e6fa.jpg,640,640,163424,26
train,DSC_5795_JPG_jpg.rf.960f179ba6f7eb256554715c8cd0b714.jpg,640,640,123115,26
train,DSC_5795_JPG_jpg.rf.aad35cd2ff76127e9a4c5b0858a2b664.jpg,640,640,92723,26
train,DSC_5795_JPG_jpg.rf.d5d90c4075849b8d6514a804c9c2c9b2.jpg,640,640,111438,26
train,DSC_5797_JPG_jpg.rf.1d037f4f610c3029027775dab3094dd5.jpg,640,640,167826,25
train,DSC_5797_JPG_jpg.rf.5786b8695af81e0fa9bf92628032ec0c.jpg,640,640,175765,25
train,DSC_5797_JPG_jpg.rf.62f49653b98614dea9dbb95235147799.jpg,640,640,140194,25
train,DSC_5797_JPG_jpg.rf.82ef0901b397331dec373544ee27d5c6.jpg,640,640,176250,25
train,DSC_5797_JPG_jpg.rf.b2ca7a73a5c13d7dd0c3368522407782.jpg,640,640,157949,25
train,DSC_5797_JPG_jpg.rf.b62865b6eb93b485c4348b963ecd6d5f.jpg,640,640,101808,25
train,DSC_5797_JPG_jpg.rf.edef479cfc6be95843ac148855ca82d9.jpg,640,640,166007,25
train,DSC_5797_JPG_jpg.rf.fe1fc469a512517cbf1dbccf6e3abe4d.jpg,640,640,123526,25
train,DSC_5798_JPG_jpg.rf.0bcaadd265dbbb82605e01e63b700b56.jpg,640,640,111387,26
train,DSC_5798_JPG_jpg.rf.24a1639dd1b0c3075ccd54ac98408d81.jpg,640,640,144580,26
train,DSC_5798_JPG_jpg.rf.2f5eba2e4546b2b105aa105376f0154b.jpg,640,640,146562,26
train,DSC_5798_JPG_jpg.rf.31869ada17be92e9db5530b2e1fdb49e.jpg,640,640,123478,26
train,DSC_5798_JPG_jpg.rf.7f0815c85d0aea1fd492245a1b0bab3b.jpg,640,640,130476,26
train,DSC_5798_JPG_jpg.rf.cbb149c92a87ca845bfb2f806a419e08.jpg,640,640,148659,26
train,DSC_5798_JPG_jpg.rf.d564f7bd4d8ed70c2facf2e5f7b582af.jpg,640,640,173206,26
train,DSC_5798_JPG_jpg.rf.f4acd896562fc27771686aa9c8b5cd9a.jpg,640,640,144910,26
train,DSC_5799_JPG_jpg.rf.29f2429752891be5b4d1ea3d21250fb0.jpg,640,640,166796,26
train,DSC_5799_JPG_jpg.rf.3c99852532841266d247dbceb0950def.jpg,640,640,71796,26
train,DSC_5799_JPG_jpg.rf.6c1b03c155b3d3dd8d133a776245e50d.jpg,640,640,140876,26
train,DSC_5799_JPG_jpg.rf.8c3c73310ac9e55fca4ab9158115a730.jpg,640,640,76305,26
train,DSC_5799_JPG_jpg.rf.965430f4c5c38067049b5a8fe276af97.jpg,640,640,141220,26
train,DSC_5799_JPG_jpg.rf.9c9fa084b8cba134aaaae88f90a53018.jpg,640,640,136946,26
train,DSC_5799_JPG_jpg.rf.a0dfdf591448763337762fb9c671366d.jpg,640,640,171635,26
train,DSC_5799_JPG_jpg.rf.cd89012303a05346340edcd5fc878268.jpg,640,640,136946,26
train,DSC_5799_JPG_jpg.rf.dde747b68e6e7145545d7e77b51b45e1.jpg,640,640,57441,26
train,DSC_5801_JPG_jpg.rf.081b4bf1660549021d2aafd0db11e897.jpg,640,640,61496,25
train,DSC_5801_JPG_jpg.rf.200e8d2d04e94160175dc1645210d158.jpg,640,640,136496,25
train,DSC_5801_JPG_jpg.rf.4556f36ca08d398badb212e3c6234f09.jpg,640,640,136496,25
train,DSC_5801_JPG_jpg.rf.57617ba89a64616759c92033b935bbd1.jpg,640,640,165827,25
train,DSC_5801_JPG_jpg.rf.816bc2b8ba3347bf2055c0ed05fe2a10.jpg,640,640,163143,25
train,DSC_5801_JPG_jpg.rf.8fe0b2c5fc3e4097aec47e2aebce8c87.jpg,640,640,41732,25
train,DSC_5801_JPG_jpg.rf.aea85b8f42eef60f6ecbb37405fc8d3e.jpg,640,640,169481,25
train,DSC_5801_JPG_jpg.rf.b7573db076b41c4dd45829529daea201.jpg,640,640,88781,25
train,DSC_5801_JPG_jpg.rf.fa4218617d6bffdc33807b25b2b2a02d.jpg,640,640,168424,25
train,DSC_5802_JPG_jpg.rf.37455c8887d8d66cfaa00b02c6372340.jpg,640,640,165744,27
train,DSC_5802_JPG_jpg.rf.44cf1c78a2aee903c3a3e67555b3e311.jpg,640,640,150918,27
train,DSC_5802_JPG_jpg.rf.532949a254d273d6d01db117f8c301ed.jpg,640,640,173039,27
train,DSC_5802_JPG_jpg.rf.5b26d544ade7414aec7d17411f3c2ef9.jpg,640,640,168640,27
train,DSC_5802_JPG_jpg.rf.5e9cd063ed64f56a0938697b740f8491.jpg,640,640,127714,27
train,DSC_5802_JPG_jpg.rf.aae3cd34e86b8d2199ffa6bdfffe3222.jpg,640,640,129320,27
train,DSC_5802_JPG_jpg.rf.c8899fed8ed8657ccc54d19d2c64e602.jpg,640,640,153232,27
train,DSC_5802_JPG_jpg.rf.db91608a272de10395653a108a433548.jpg,640,640,122342,27
train,DSC_5803_JPG_jpg.rf.01b5dc32477139c5abd1f414e56a913a.jpg,640,640,172687,27
train,DSC_5803_JPG_jpg.rf.0aa850517c1b977f2d4093b4b05f42e4.jpg,640,640,105312,27
train,DSC_5803_JPG_jpg.rf.4b139a988fed424773a0d5d2980abba1.jpg,640,640,129350,27
train,DSC_5803_JPG_jpg.rf.5f385b93b38bd8f6116bf2f4017932a6.jpg,640,640,134231,27
train,DSC_5803_JPG_jpg.rf.b6ed9997545ce677e81a6a0b136c653d.jpg,640,640,123147,27
train,DSC_5803_JPG_jpg.rf.b8008c27839e347d9c54debbd4a59cae.jpg,640,640,172463,27
train,DSC_5803_JPG_jpg.rf.bcd276c4e0a09ea46fcd3cedc4ca6933.jpg,640,640,141534,27
train,DSC_5803_JPG_jpg.rf.e1e17dd811b48017d04bd3f288df5633.jpg,640,640,166124,27
train,DSC_5805_JPG_jpg.rf.045dbf119f896eaa40f1dfbc1ee907e4.jpg,640,640,130514,19
train,DSC_5805_JPG_jpg.rf.2d0db0264cb6c8871ba9141115fbe5bb.jpg,640,640,171292,19
train,DSC_5805_JPG_jpg.rf.2f9566e6efe95aea94c0b3c93014f7ce.jpg,640,640,153855,19
train,DSC_5805_JPG_jpg.rf.3ba5df2f73a012961ece76dfa0a170ea.jpg,640,640,161857,19
train,DSC_5805_JPG_jpg.rf.5303b08f84e8712229a9c2537f3b4777.jpg,640,640,156936,19
train,DSC_5805_JPG_jpg.rf.62eac8565acd6e7441b059d7c5564e2d.jpg,640,640,171292,19
train,DSC_5805_JPG_jpg.rf.630484f7d35b0d18624328514b8780c1.jpg,640,640,164555,19
train,DSC_5805_JPG_jpg.rf.643c80a9319a2b085ebe414bd7039ca2.jpg,640,640,161882,19
train,DSC_5805_JPG_jpg.rf.66d4d927732056c53c574789fbecbf3d.jpg,640,640,169271,19
train,DSC_5806_JPG_jpg.rf.005fd542ae8031e34ee59ac032937492.jpg,640,640,134530,19
train,DSC_5806_JPG_jpg.rf.0e214eea5424d3d4bc0cf828d65e7780.jpg,640,640,175559,19
train,DSC_5806_JPG_jpg.rf.0e9fc8b333b0307c1a22409819f5fb66.jpg,640,640,78008,19
train,DSC_5806_JPG_jpg.rf.209e248c2a9de9d21cea380c28d747de.jpg,640,640,135909,19
train,DSC_5806_JPG_jpg.rf.3d2da3873e5412975d58da2d60dac776.jpg,640,640,134480,19
train,DSC_5806_JPG_jpg.rf.8da6663f50f648f2f4013460af2983ff.jpg,640,640,153818,19
train,DSC_5806_JPG_jpg.rf.9f4c480c5642b29fe45336f24a33ffcf.jpg,640,640,151159,19
train,DSC_5806_JPG_jpg.rf.c4ab2b22cf95e2aad05ce7f74f446706.jpg,640,640,104657,19
train,DSC_5807_JPG_jpg.rf.04ef2714e6699fac7c47ae7ddc210a17.jpg,640,640,146718,18
train,DSC_5807_JPG_jpg.rf.160928ff0e7cbffe88b1c98bf860c152.jpg,640,640,159374,18
train,DSC_5807_JPG_jpg.rf.2320f18b53a624cc2e1d7d5fd78e14bc.jpg,640,640,128257,18
train,DSC_5807_JPG_jpg.rf.2b71ebeeac107a4156c8780158660609.jpg,640,640,167571,18
train,DSC_5807_JPG_jpg.rf.46ce735898287d19c295d5833fd5e4a3.jpg,640,640,163078,18
train,DSC_5807_JPG_jpg.rf.7f882fdd30116187322b85c08b326536.jpg,640,640,166065,18
train,DSC_5807_JPG_jpg.rf.b170056e3c35c2aebb08683102666d7d.jpg,640,640,159048,18
train,DSC_5807_JPG_jpg.rf.b5901b7a4c855629c340e20479510f22.jpg,640,640,141509,18
train,DSC_5807_JPG_jpg.rf.e0c9ce137fb08ba18d8863018a4a765d.jpg,640,640,146718,18
train,DSC_5808_JPG_jpg.rf.035dd76205c26cc8e585e2c070fd41fb.jpg,640,640,75522,16
train,DSC_5808_JPG_jpg.rf.1c86ec4353b2fec64c5db1887f50d76f.jpg,640,640,161743,16
train,DSC_5808_JPG_jpg.rf.28799f42d7f7c209e69fcbc9b06d8907.jpg,640,640,170529,16
train,DSC_5808_JPG_jpg.rf.6f2ce9629d6d05d3342d7788f63c9f3f.jpg,640,640,76761,16
train,DSC_5808_JPG_jpg.rf.73aa0945996e45d8a5dbed9cec75191f.jpg,640,640,150430,16
train,DSC_5808_JPG_jpg.rf.b850b343b38f6f31a0235b9998a7cd42.jpg,640,640,39407,16
train,DSC_5808_JPG_jpg.rf.c8e9fecf6768f981f67af7bb47fb4002.jpg,640,640,101823,16
train,DSC_5808_JPG_jpg.rf.fd7169f89d505452216c4e47f3f891c5.jpg,640,640,153234,16
train,DSC_5810_JPG_jpg.rf.642f07c3dc201507f6bb33114fb34897.jpg,640,640,119576,14
train,DSC_5810_JPG_jpg.rf.6b519feb2de10c915e6d323e48dbc671.jpg,640,640,161981,14
train,DSC_5810_JPG_jpg.rf.7fb6619f015ecc9a20ac1365ada1a7b7.jpg,640,640,168844,14
train,DSC_5810_JPG_jpg.rf.9c6b94fecaeed6bb2d73a37449a5ad5c.jpg,640,640,128160,14
train,DSC_5810_JPG_jpg.rf.a31c985ca0f152d8198256333c407cf7.jpg,640,640,147897,14
train,DSC_5810_JPG_jpg.rf.c11d0698fbeee43740102677d37d846c.jpg,640,640,112537,14
train,DSC_5810_JPG_jpg.rf.c351e572824aa1122b8af464004c9c48.jpg,640,640,152969,14
train,DSC_5810_JPG_jpg.rf.efb1be1f8db7d68345e7b172de388467.jpg,640,640,174395,14
train,DSC_5811_JPG_jpg.rf.46a9cbb2289b447a1845dfe25a2a1414.jpg,640,640,176245,14
train,DSC_5811_JPG_jpg.rf.4754754be5a3d477a8d4323d1ca28b81.jpg,640,640,75065,14
train,DSC_5811_JPG_jpg.rf.56091227d811f1972becae3ccaf320d7.jpg,640,640,99892,14
train,DSC_5811_JPG_jpg.rf.57c4dcf2ebbcbfd21d20b29c6789d879.jpg,640,640,150856,14
train,DSC_5811_JPG_jpg.rf.84d38e9115711afe520e01d77e22e414.jpg,640,640,163762,14
train,DSC_5811_JPG_jpg.rf.a0d3ee5bf41947dff30ebf917b7a5a39.jpg,640,640,120338,14
train,DSC_5811_JPG_jpg.rf.b1a7a6c9a26e15cdaca59d2b990debbe.jpg,640,640,171190,14
train,DSC_5811_JPG_jpg.rf.ecb8384c724b15d62880f5a21b440191.jpg,640,640,171586,14
train,DSC_5813_JPG_jpg.rf.10e1f4ab03cbe03b04e8a866b747ca74.jpg,640,640,58101,14
train,DSC_5813_JPG_jpg.rf.248dc8d2d650d43496472fd18ef433a7.jpg,640,640,155982,14
train,DSC_5813_JPG_jpg.rf.2f57fc8b7bfc7dcce91134e342be83c6.jpg,640,640,171814,14
train,DSC_5813_JPG_jpg.rf.309991c9b39cebf4366a3f2406fdaac0.jpg,640,640,157873,14
train,DSC_5813_JPG_jpg.rf.374c445f533667a6387e0743c96008dd.jpg,640,640,139270,14
train,DSC_5813_JPG_jpg.rf.4720c22c186f7a703388f0be144772d7.jpg,640,640,153205,14
train,DSC_5813_JPG_jpg.rf.69c102dac4fc9e9dfc2f95f949a9bdb1.jpg,640,640,154418,14
train,DSC_5813_JPG_jpg.rf.c240e8485c467fcf3bf5c2a6465b883f.jpg,640,640,100670,14
train,DSC_5814_JPG_jpg.rf.0a47c497be3c03c1ed9a0a187ba7a1f2.jpg,640,640,170810,14
train,DSC_5814_JPG_jpg.rf.0c9280e2e746b64828bc4ed10655377d.jpg,640,640,111288,14
train,DSC_5814_JPG_jpg.rf.22913112026ae8233b5fc076b6a7e547.jpg,640,640,146801,14
train,DSC_5814_JPG_jpg.rf.64a2526facab4c7c423d524bfc40e4ec.jpg,640,640,155484,14
train,DSC_5814_JPG_jpg.rf.654ff36199c47ad16a2f970d71047e36.jpg,640,640,56557,14
train,DSC_5814_JPG_jpg.rf.6e2a014d21e02dce979068cb7d972fec.jpg,640,640,166419,14
train,DSC_5814_JPG_jpg.rf.ad58a3dc53d65bca2d3894d75939d1df.jpg,640,640,169104,14
train,DSC_5814_JPG_jpg.rf.e9a8aaab69c80cc587e2b49e1a732608.jpg,640,640,57852,14
train,DSC_5815_JPG_jpg.rf.15245bb6c35b2af61b0fe1c8db8c3ed6.jpg,640,640,174406,15
train,DSC_5815_JPG_jpg.rf.2774a3069849bd21eb5e700a58e47bb5.jpg,640,640,157089,15
train,DSC_5815_JPG_jpg.rf.317af7eb43fef7dda8eff9f1a9a5359e.jpg,640,640,34918,15
train,DSC_5815_JPG_jpg.rf.42987b3a953b87331f65240e3d181da8.jpg,640,640,152662,15
train,DSC_5815_JPG_jpg.rf.5dd4f182372352c99b03cfee54bcd4dc.jpg,640,640,152662,15
train,DSC_5815_JPG_jpg.rf.78a413dd99f6929662986a635f23cc20.jpg,640,640,128316,15
train,DSC_5815_JPG_jpg.rf.8ac3e50b7a2943cdd06ef051a038e12d.jpg,640,640,127170,15
train,DSC_5815_JPG_jpg.rf.9a718b1d437a1d9594b966ba4b1c2842.jpg,640,640,166010,15
train,DSC_5815_JPG_jpg.rf.b416b31abb9df928a28bb3dd78819f05.jpg,640,640,162512,15
train,DSC_5816_JPG_jpg.rf.0fa88ecb86573bc9191b0a25e5e4d417.jpg,640,640,110022,16
train,DSC_5816_JPG_jpg.rf.236c4e547239ac744c1d4481d1d12749.jpg,640,640,134851,16
train,DSC_5816_JPG_jpg.rf.2df3eaf5260e1ee635d6630f5a450925.jpg,640,640,169422,16
train,DSC_5816_JPG_jpg.rf.7623c705e5d394cb4057c587dbd3e36c.jpg,640,640,170150,16
train,DSC_5816_JPG_jpg.rf.79d93f6988ca0de41c9791bab0c444d7.jpg,640,640,148610,16
train,DSC_5816_JPG_jpg.rf.8e6a4b20cb641ded9418baf56267b734.jpg,640,640,173359,16
train,DSC_5816_JPG_jpg.rf.a4e76ea0071a9b91cde49dee8d0f5ad9.jpg,640,640,143905,16
train,DSC_5816_JPG_jpg.rf.c1e2797c3f38b99729d3c29cf3250961.jpg,640,640,164805,16
train,DSC_5817_JPG_jpg.rf.3b31e315fb301310048cf5dd51e9bee1.jpg,640,640,74524,15
train,DSC_5817_JPG_jpg.rf.41405d79b93cc6d1c694d5e03b3c7520.jpg,640,640,171672,15
train,DSC_5817_JPG_jpg.rf.45fdcce4776c75481e72393cee5986fe.jpg,640,640,171749,15
train,DSC_5817_JPG_jpg.rf.5a17539d88cae4b984de032fba20d0e4.jpg,640,640,161052,15
train,DSC_5817_JPG_jpg.rf.73d07f0dfbbc5ae4a17d4d9591adb11b.jpg,640,640,118318,15
train,DSC_5817_JPG_jpg.rf.a3a81b50830c6d7f25429fcf27f6ac7f.jpg,640,640,113411,15
train,DSC_5817_JPG_jpg.rf.b408049c82f6f2e558e7c3f98cbfc831.jpg,640,640,171564,15
train,DSC_5817_JPG_jpg.rf.d554c6aef2687cf2173df98a323bc350.jpg,640,640,167028,15
train,DSC_5818_JPG_jpg.rf.129fe306584fbe43507796f03b972785.jpg,640,640,73486,15
train,DSC_5818_JPG_jpg.rf.291892e677f300ff5df3734a84d79492.jpg,640,640,170224,15
train,DSC_5818_JPG_jpg.rf.2a5863ad372ac93b0cdc0fa2d896d823.jpg,640,640,134126,15
train,DSC_5818_JPG_jpg.rf.3cc92ba5207eea1c6d531f9d233b7b15.jpg,640,640,173541,15
train,DSC_5818_JPG_jpg.rf.6b40f7584472d693efdec714482a2bb5.jpg,640,640,157061,15
train,DSC_5818_JPG_jpg.rf.892fca21f7b3442dfd1cdca04f246b57.jpg,640,640,174628,15
train,DSC_5818_JPG_jpg.rf.a154845a8cb00d913952e192307e6614.jpg,640,640,166437,15
train,DSC_5818_JPG_jpg.rf.f7fb3446f70421a817822d75cbf8dd0a.jpg,640,640,166031,15
train,DSC_5819_JPG_jpg.rf.172749d7c50c4cd7123859de1d72b18a.jpg,640,640,119243,14
train,DSC_5819_JPG_jpg.rf.1b4bcf181d060844cdf7aab7c0aab6d9.jpg,640,640,165158,14
train,DSC_5819_JPG_jpg.rf.9429606589e3874b04c9f25f4a3442ba.jpg,640,640,149188,14
train,DSC_5819_JPG_jpg.rf.9620e6cb1c784568f75093d08eefc95f.jpg,640,640,127063,14
train,DSC_5819_JPG_jpg.rf.9bc8f2085a5626141e757b2afcdc1996.jpg,640,640,159527,14
train,DSC_5819_JPG_jpg.rf.c9aa6140fd7b6fe4cdbb299fefba333d.jpg,640,640,55806,14
train,DSC_5819_JPG_jpg.rf.e14325efca5471f58aa895ce8497b925.jpg,640,640,169793,14
train,DSC_5819_JPG_jpg.rf.e58fcd48b59d78b029bc80515cea8156.jpg,640,640,129865,14
train,DSC_5820_JPG_jpg.rf.157773309f23a381044f2af475092876.jpg,640,640,147479,14
train,DSC_5820_JPG_jpg.rf.6d77abe7e2c5d1def46d82fbafd71e0b.jpg,640,640,127149,14
train,DSC_5820_JPG_jpg.rf.a64c6db3a7cba27bee00d255cccbd20e.jpg,640,640,137736,14
train,DSC_5820_JPG_jpg.rf.ae6f91e36d61a685550e5564f7f6c838.jpg,640,640,119511,14
train,DSC_5820_JPG_jpg.rf.af877dce799fdf678bba2f8145a97798.jpg,640,640,118279,14
train,DSC_5820_JPG_jpg.rf.b84d4f3029f828906f04219bdb8b7405.jpg,640,640,170689,14
train,DSC_5820_JPG_jpg.rf.ccf081702576b3dc8e58162504409979.jpg,640,640,100999,14
train,DSC_5820_JPG_jpg.rf.d6347c7131d278b6a9f406a4da31972f.jpg,640,640,132452,14
train,DSC_5820_JPG_jpg.rf.e98d2cc1dc2adffea2a459dc9317fd14.jpg,640,640,170689,14
train,DSC_5821_JPG_jpg.rf.28010bd48f34a08989349f71db83167c.jpg,640,640,132981,13
train,DSC_5821_JPG_jpg.rf.2afce8e333f2ea0e3fb40235bbc5ff09.jpg,640,640,158833,13
train,DSC_5821_JPG_jpg.rf.59ba9c2a54ade1ea8a84cbb7bf71420a.jpg,640,640,164225,13
train,DSC_5821_JPG_jpg.rf.673ed4dde5a281561d8340d8fdd787de.jpg,640,640,162951,13
train,DSC_5821_JPG_jpg.rf.78380ad243d0f37ec0a51922f7ef3244.jpg,640,640,166793,13
train,DSC_5821_JPG_jpg.rf.9d115d68c48f7baaf5aa279d4e1dfad1.jpg,640,640,111467,13
train,DSC_5821_JPG_jpg.rf.b4a8538b9f2e443e1b25cc5204212c10.jpg,640,640,73441,13
train,DSC_5821_JPG_jpg.rf.dc29ef5f34e9a8ed1545dc69750cd895.jpg,640,640,127564,13
train,DSC_5822_JPG_jpg.rf.12ce69de4c621c85be92ce7a58b671a6.jpg,640,640,88563,11
train,DSC_5822_JPG_jpg.rf.6d94c1f6ba70faae0af8e207153ede48.jpg,640,640,111784,11
train,DSC_5822_JPG_jpg.rf.78ee16988b1ee0ea0bb4fb268d768357.jpg,640,640,88653,11
train,DSC_5822_JPG_jpg.rf.8f8e6a7440207a473d65d02c28391e1c.jpg,640,640,156450,11
train,DSC_5822_JPG_jpg.rf.9f3234ff1f02316dc014f47118919cac.jpg,640,640,132682,11
train,DSC_5822_JPG_jpg.rf.c1e87d46a6ef2a1bc9f22a8bfff73c76.jpg,640,640,110302,11
train,DSC_5822_JPG_jpg.rf.c4ce50aa45c8c0e63acda004ea8340dc.jpg,640,640,165256,11
train,DSC_5822_JPG_jpg.rf.da0533cb0d275e3a95ca0262fc9f2126.jpg,640,640,155861,11
train,DSC_5823_JPG_jpg.rf.16155022b646b2c807329b384913c217.jpg,640,640,138835,12
train,DSC_5823_JPG_jpg.rf.2c5e781aecf3f106401fe6612d632c81.jpg,640,640,119730,12
train,DSC_5823_JPG_jpg.rf.3d6089ac6e25038f76b0ad0e13732579.jpg,640,640,101024,12
train,DSC_5823_JPG_jpg.rf.b4c6bb328b3eb7563bf377ac3a468a18.jpg,640,640,74454,12
train,DSC_5823_JPG_jpg.rf.b654c0be094a21551edd8d9e1c3676ef.jpg,640,640,128677,12
train,DSC_5823_JPG_jpg.rf.d13ab1763c4b80c0262e7fd4209a2f1b.jpg,640,640,159041,12
train,DSC_5823_JPG_jpg.rf.f03997ce807f982bd33c4ffe39029411.jpg,640,640,75266,12
train,DSC_5823_JPG_jpg.rf.f1c612dae45a0a68be1e7a44ffeb12fe.jpg,640,640,55383,12
train,DSC_5824_JPG_jpg.rf.590d60f777c7988dab0a244ad8d4c615.jpg,640,640,85414,13
train,DSC_5824_JPG_jpg.rf.74f45ebb3e6c62b0f64dce6a75d67084.jpg,640,640,166261,13
train,DSC_5824_JPG_jpg.rf.890ecff71f6056bfd1c5c4a6ceb8532c.jpg,640,640,144712,13
train,DSC_5824_JPG_jpg.rf.93cc2f72c82fa650becb5cccdf572974.jpg,640,640,160148,13
train,DSC_5824_JPG_jpg.rf.9e7061103ffa74d30d47f74446a199e7.jpg,640,640,169553,13
train,DSC_5824_JPG_jpg.rf.c03fecaa3057f54f1d43d4c1d8b092bb.jpg,640,640,144532,13
train,DSC_5824_JPG_jpg.rf.c40690d2745bb3e9016a13d369313d1d.jpg,640,640,98422,13
train,DSC_5824_JPG_jpg.rf.dcbcf4b0657a8ef0fa8015f1f9268b41.jpg,640,640,159958,13
train,DSC_5826_JPG_jpg.rf.22bd8292787067def3c60efc03a9192c.jpg,640,640,72824,14
train,DSC_5826_JPG_jpg.rf.5c2889ea4148275c4360ca6ebb618230.jpg,640,640,169911,14
train,DSC_5826_JPG_jpg.rf.68de918af0531394d64121feceeaf468.jpg,640,640,111626,14
train,DSC_5826_JPG_jpg.rf.872f187abf3a38e353fae470cb52d42c.jpg,640,640,152670,14
train,DSC_5826_JPG_jpg.rf.929264a8d02bfe26f11a587c2746d46f.jpg,640,640,169911,14
train,DSC_5826_JPG_jpg.rf.c72c10c90485c5526559c1c8ba8cd61e.jpg,640,640,127463,14
train,DSC_5826_JPG_jpg.rf.c8229c12d341dec6a051048f499df04e.jpg,640,640,101420,14
train,DSC_5826_JPG_jpg.rf.caa24b94fc4bba9801b936685071e781.jpg,640,640,100798,14
train,DSC_5826_JPG_jpg.rf.fdeae8d56e294c97c514208d1dd1f0be.jpg,640,640,89153,14
train,DSC_5827_JPG_jpg.rf.129511b2a5e8bd396bfd497b191eda0c.jpg,640,640,166723,12
train,DSC_5827_JPG_jpg.rf.1f26b94066ffb4a4dda96d719b1e7cc6.jpg,640,640,163674,12
train,DSC_5827_JPG_jpg.rf.2305a730c632269d5891cb1ebe762348.jpg,640,640,127491,12
train,DSC_5827_JPG_jpg.rf.a57ddc649e58ef6d6c1b6f2047a212e6.jpg,640,640,167510,12
train,DSC_5827_JPG_jpg.rf.b37b5fc2882595d71fdbb63e5080d645.jpg,640,640,153746,12
train,DSC_5827_JPG_jpg.rf.b91b5ee4cd393fb661562169ad887cac.jpg,640,640,119285,12
train,DSC_5827_JPG_jpg.rf.be618efd664b33e1988180a5f99bd51b.jpg,640,640,166444,12
train,DSC_5827_JPG_jpg.rf.ece248e7d1b6e42b3cffe04789c0854a.jpg,640,640,146642,12
train,DSC_5828_JPG_jpg.rf.22d304c6e64b6cefd2a3ec2ca152b4dd.jpg,640,640,119751,12
train,DSC_5828_JPG_jpg.rf.3024773e97fdbf96061bb801a5a5ea9d.jpg,640,640,113258,12
train,DSC_5828_JPG_jpg.rf.4d3f51cb3475d04c96b884037e926420.jpg,640,640,86328,12
train,DSC_5828_JPG_jpg.rf.67d0f38e7d049c3b2e64e4655180fadd.jpg,640,640,128670,12
train,DSC_5828_JPG_jpg.rf.709cbaa23a9e7f7605b458a04ec2c9ab.jpg,640,640,113258,12
train,DSC_5828_JPG_jpg.rf.8504a5d74e4223a06f35284c6874def0.jpg,640,640,151869,12
train,DSC_5828_JPG_jpg.rf.8cd0081a4911aef283b5d763414f8fa5.jpg,640,640,163097,12
train,DSC_5828_JPG_jpg.rf.bcd2952276cebdb2f52e1beab0950fa7.jpg,640,640,172912,12
train,DSC_5828_JPG_jpg.rf.bee35e3b5fe933ce6939e7d8594472b2.jpg,640,640,163928,12
train,DSC_5829_JPG_jpg.rf.3af42755006c10d21729913e62633bc1.jpg,640,640,110222,11
train,DSC_5829_JPG_jpg.rf.3bce20a6156bf69a444d672602c9ed3d.jpg,640,640,145656,11
train,DSC_5829_JPG_jpg.rf.3ff3dea3d38d98e3f63c2f4d4cef4900.jpg,640,640,98536,11
train,DSC_5829_JPG_jpg.rf.4de6d1db5d0cdbcf5f2ea82105dec287.jpg,640,640,126062,11
train,DSC_5829_JPG_jpg.rf.8d3574073a0a536ae86c60a047122e3b.jpg,640,640,128455,11
train,DSC_5829_JPG_jpg.rf.93388e0814124a717e150a3b00a8dcd4.jpg,640,640,154705,11
train,DSC_5829_JPG_jpg.rf.b048f41329da56a060cffea7fdb80094.jpg,640,640,167604,11
train,DSC_5829_JPG_jpg.rf.ea506b02bb9a283209379b14ed133bf5.jpg,640,640,101392,11
train,DSC_5830_JPG_jpg.rf.432c8379cf9e169c4bc0dcc4ac8aafa2.jpg,640,640,143582,13
train,DSC_5830_JPG_jpg.rf.463ed49e03eb1d279d61afd22424b95f.jpg,640,640,151919,13
train,DSC_5830_JPG_jpg.rf.54668407f0b76f14c398f46548ca9fd4.jpg,640,640,167311,13
train,DSC_5830_JPG_jpg.rf.802099cfc527d41a2d4c5222e3f29d7c.jpg,640,640,151024,13
train,DSC_5830_JPG_jpg.rf.9d692c688b334ea66a5d8676c94b23bf.jpg,640,640,98813,13
train,DSC_5830_JPG_jpg.rf.a39945857ec8f688ab96938d634c24ba.jpg,640,640,149836,13
train,DSC_5830_JPG_jpg.rf.b1d7176c110559affc1663df7b2cf964.jpg,640,640,163741,13
train,DSC_5830_JPG_jpg.rf.bbc5cc8eba54ce8c5548477daa4f0831.jpg,640,640,168961,13
train,DSC_5831_JPG_jpg.rf.206591425efc0d2214bd04b1f98358d7.jpg,640,640,174948,12
train,DSC_5831_JPG_jpg.rf.2ed3b8d14c59d7e672a5d3fc60ac0236.jpg,640,640,56878,12
train,DSC_5831_JPG_jpg.rf.4e65a5b93a7b0c80a24b71bc56bf671a.jpg,640,640,175655,12
train,DSC_5831_JPG_jpg.rf.8a82a26fad46d86956454452e16a5967.jpg,640,640,56878,12
train,DSC_5831_JPG_jpg.rf.c0b5e9dcaaf8a010c25e37b68470da44.jpg,640,640,56776,12
train,DSC_5831_JPG_jpg.rf.c88807eeeceb7ea6ff72f9f57942c1c5.jpg,640,640,140141,12
train,DSC_5831_JPG_jpg.rf.ce6c5dd44150c4624912ef13a1ad3f28.jpg,640,640,162450,12
train,DSC_5831_JPG_jpg.rf.e24a79b08d8cfd1b32ea3ad8c00827e6.jpg,640,640,111742,12
train,DSC_5831_JPG_jpg.rf.facad6d0c3af66dacf4914117ef82af0.jpg,640,640,148704,12
train,DSC_5832_JPG_jpg.rf.484b9b070f92eee364d837dc2f7c21c8.jpg,640,640,88731,12
train,DSC_5832_JPG_jpg.rf.5e1d2b18412cd2b5b494f0044a3d02fb.jpg,640,640,152559,12
train,DSC_5832_JPG_jpg.rf.63103d34727deab6865a6182956a61e8.jpg,640,640,135399,12
train,DSC_5832_JPG_jpg.rf.9e50242aee9bcbbe7de2c56c056929f9.jpg,640,640,171408,12
train,DSC_5832_JPG_jpg.rf.b7a87d87d77dad67bdc2daad3fc1cc5c.jpg,640,640,174115,12
train,DSC_5832_JPG_jpg.rf.c8813b914a486d27548cc4fbee739ee6.jpg,640,640,146441,12
train,DSC_5832_JPG_jpg.rf.d9a820fa18ca8fab6f514322f49e4731.jpg,640,640,56575,12
train,DSC_5832_JPG_jpg.rf.f2c2ae4dd0bd26e42921a7d4aec94dc8.jpg,640,640,165625,12
train,DSC_5833_JPG_jpg.rf.24d3cb5594da310ec7127f779eb150af.jpg,640,640,75563,12
train,DSC_5833_JPG_jpg.rf.3252a7322696b4a92b030f290b3294a3.jpg,640,640,141157,12
train,DSC_5833_JPG_jpg.rf.4430629e4f5d77b0fd9aaac43fb485c3.jpg,640,640,100509,12
train,DSC_5833_JPG_jpg.rf.453d9991995f33760aa0858b1120e67b.jpg,640,640,143570,12
train,DSC_5833_JPG_jpg.rf.4648f9e8d3f368d54a1b92e79db89418.jpg,640,640,164173,12
train,DSC_5833_JPG_jpg.rf.5c49354820351fb0c61c51dc78a09ee4.jpg,640,640,128060,12
train,DSC_5833_JPG_jpg.rf.da96a1f1adc86e1b186b9777f1d5c832.jpg,640,640,161395,12
train,DSC_5833_JPG_jpg.rf.fc8822c358817941c08db1e212262697.jpg,640,640,173393,12
train,DSC_5834_JPG_jpg.rf.00bcb24e890f779a84a05b293ca077e5.jpg,640,640,85995,12
train,DSC_5834_JPG_jpg.rf.051befdc751096718c519edbeff4f62a.jpg,640,640,158122,12
train,DSC_5834_JPG_jpg.rf.3f100717582c91d18799147722a25e1d.jpg,640,640,154062,12
train,DSC_5834_JPG_jpg.rf.74556c564a1f923ab7b24800a1cf4931.jpg,640,640,100130,12
train,DSC_5834_JPG_jpg.rf.8ea777311bf86463bfbe8866ea8f1b3a.jpg,640,640,86454,12
train,DSC_5834_JPG_jpg.rf.93872d4878920edb40eaf6123fd89cd7.jpg,640,640,90870,12
train,DSC_5834_JPG_jpg.rf.a0281c301ad17875007ae6eb10930be3.jpg,640,640,142933,12
train,DSC_5834_JPG_jpg.rf.f64bd78d75a02defd994e5bca424c488.jpg,640,640,111990,12
train,DSC_5835_JPG_jpg.rf.0a98211a00dd4a770f94024459c1b563.jpg,640,640,151294,10
train,DSC_5835_JPG_jpg.rf.5278b4ae0bae1b231dc3be23f24da47e.jpg,640,640,167861,10
train,DSC_5835_JPG_jpg.rf.6f01088a1fe049a3aa9279143788608c.jpg,640,640,138988,10
train,DSC_5835_JPG_jpg.rf.7057272071ae708dcba80933a6b89ca1.jpg,640,640,147891,10
train,DSC_5835_JPG_jpg.rf.83001f1c5ed8dd767da3f3ad03f9c14c.jpg,640,640,161913,10
train,DSC_5835_JPG_jpg.rf.843bc67208f319c435724337a19ff731.jpg,640,640,37462,10
train,DSC_5835_JPG_jpg.rf.96027be2d4d76f4745736212088e96d6.jpg,640,640,172433,10
train,DSC_5835_JPG_jpg.rf.b889e21d9240b98a7db3818b8ffd4044.jpg,640,640,133972,10
train,DSC_5835_JPG_jpg.rf.eedd505c0e6214b9a19af4367948aeef.jpg,640,640,172433,10
train,DSC_5836_JPG_jpg.rf.3c12a3bf1e1c610a996fd8a15c831836.jpg,640,640,134635,12
train,DSC_5836_JPG_jpg.rf.563a23ec68aa164b2820b876d628c3a8.jpg,640,640,59749,12
train,DSC_5836_JPG_jpg.rf.5e996d7ba43c85f6d3aa215a7866fe69.jpg,640,640,159131,12
train,DSC_5836_JPG_jpg.rf.6a93b537440076e96d3272f3bcd2bf2a.jpg,640,640,166003,12
train,DSC_5836_JPG_jpg.rf.7864b1d7e6b76aaeb888d6a9d724bb2b.jpg,640,640,171315,12
train,DSC_5836_JPG_jpg.rf.87c03730efc43523f7e0113f4b39251c.jpg,640,640,163202,12
train,DSC_5836_JPG_jpg.rf.9da0a1d0a0f701f374c44a7514f6bc49.jpg,640,640,159616,12
train,DSC_5836_JPG_jpg.rf.c54602777662828b6f0b0b170c2f5781.jpg,640,640,129075,12
train,DSC_5837_JPG_jpg.rf.957b62a620e718e5983d2cf79ee844ca.jpg,640,640,137640,9
train,DSC_5837_JPG_jpg.rf.a0ba3e8179fda7f59f9096c03526b5d7.jpg,640,640,170192,9
train,DSC_5837_JPG_jpg.rf.b4b478d7c74998e2a1105122802f294a.jpg,640,640,163216,9
train,DSC_5837_JPG_jpg.rf.b9f03cfb90e5bd7d15e184d8aee7343d.jpg,640,640,144817,9
train,DSC_5837_JPG_jpg.rf.bd6737203b57d332a0b28099e73fe378.jpg,640,640,36649,9
train,DSC_5837_JPG_jpg.rf.d5884018c71c27450e4b496ac1efcd0a.jpg,640,640,98780,9
train,DSC_5837_JPG_jpg.rf.db4cf58bd861b9d91b839569b44b45a4.jpg,640,640,88746,9
train,DSC_5837_JPG_jpg.rf.e71f8df5cfdbb7c814f747fab80e113e.jpg,640,640,164836,9
train,DSC_5838_JPG_jpg.rf.0b1b0785a3429fe259db8b304387ae6c.jpg,640,640,169850,11
train,DSC_5838_JPG_jpg.rf.15ed71cead264c44c542f09a92977306.jpg,640,640,163843,11
train,DSC_5838_JPG_jpg.rf.31e2b1203087a19b9b042cf4f957abc4.jpg,640,640,165894,11
train,DSC_5838_JPG_jpg.rf.46aeff7c7b68a4fb65f5157d4a0acda3.jpg,640,640,147763,11
train,DSC_5838_JPG_jpg.rf.47b11c1064550898b9d73c08882b5dee.jpg,640,640,134808,11
train,DSC_5838_JPG_jpg.rf.4ff01bcb40f9e72a3191892766fd5010.jpg,640,640,161750,11
train,DSC_5838_JPG_jpg.rf.a6df14992d68cdfb5cf56c0f825425e9.jpg,640,640,159517,11
train,DSC_5838_JPG_jpg.rf.a9405dcc5b826367494cd64a8252867b.jpg,640,640,118386,11
train,DSC_5838_JPG_jpg.rf.b37cd4a7003c74f6f1ce3a7f95f4f478.jpg,640,640,159517,11
train,DSC_5839_JPG_jpg.rf.5025f0cbba71fac41f5293662eb5ca7e.jpg,640,640,127425,11
train,DSC_5839_JPG_jpg.rf.7980fb8a4fadc3595aa2ca04cf94d827.jpg,640,640,152238,11
train,DSC_5839_JPG_jpg.rf.7f315370e0f16dbe5bc0a8f0c45a6877.jpg,640,640,171265,11
train,DSC_5839_JPG_jpg.rf.868167f2c222a9e438d799343ddebc5f.jpg,640,640,148533,11
train,DSC_5839_JPG_jpg.rf.8c833ce360c8725bfb32a520b121d68a.jpg,640,640,138220,11
train,DSC_5839_JPG_jpg.rf.a14a9a3863bea056f7a5a5fe36da7c81.jpg,640,640,88483,11
train,DSC_5839_JPG_jpg.rf.b432aecd4171ab6505f7075fd4102d34.jpg,640,640,172925,11
train,DSC_5839_JPG_jpg.rf.efb6be2ae155353b1d001f86f8a5a902.jpg,640,640,172925,11
train,DSC_5839_JPG_jpg.rf.fb1bd50be69e5e3c66a62376025280e0.jpg,640,640,127425,11
train,DSC_5840_JPG_jpg.rf.11a8dbcfbb63690473b8483cff611bb5.jpg,640,640,71769,10
train,DSC_5840_JPG_jpg.rf.25bd558d61b6b6d7c69ce7a8c50baa27.jpg,640,640,151532,10
train,DSC_5840_JPG_jpg.rf.3c2b290c1fe409844815cae24e94e716.jpg,640,640,166287,10
train,DSC_5840_JPG_jpg.rf.652865262a4aa3845e2da1979b771414.jpg,640,640,126096,10
train,DSC_5840_JPG_jpg.rf.8e3aa1487d72340a5cab5c1fb83db3c6.jpg,640,640,157577,10
train,DSC_5840_JPG_jpg.rf.958cc01394a45de12d35a21e43df8da4.jpg,640,640,73636,10
train,DSC_5840_JPG_jpg.rf.cfa41e10a899834ff469036b51840889.jpg,640,640,138190,10
train,DSC_5840_JPG_jpg.rf.d02e0abeaa8d7ed6e8f31485b722fa5e.jpg,640,640,108169,10
train,DSC_5841_JPG_jpg.rf.13c8c54b9a671b2a7f3c87135e1140e7.jpg,640,640,71350,12
train,DSC_5841_JPG_jpg.rf.47631da9a57a5cd6f68bffa0b1cb5e0a.jpg,640,640,107118,12
train,DSC_5841_JPG_jpg.rf.670f91a83db3c74e74637ba71e8d911d.jpg,640,640,167689,12
train,DSC_5841_JPG_jpg.rf.aa0faec9f6a606509caaf40b95127cb1.jpg,640,640,54929,12
train,DSC_5841_JPG_jpg.rf.b85a895724f550f490c22475986ed17b.jpg,640,640,111832,12
train,DSC_5841_JPG_jpg.rf.c4b3953c4cf0dfeb142fb03f5517f5af.jpg,640,640,71980,12
train,DSC_5841_JPG_jpg.rf.dcbc2528818c39ef87d65f950cae444b.jpg,640,640,99518,12
train,DSC_5841_JPG_jpg.rf.f7e9ba311c4e8936e025d036cc19191d.jpg,640,640,100999,12
train,DSC_5842_JPG_jpg.rf.09c091aa83a79fc6769271ffcf251d98.jpg,640,640,163071,12
train,DSC_5842_JPG_jpg.rf.18818dfef164bcd6a36b1b39cdd7b0db.jpg,640,640,133406,12
train,DSC_5842_JPG_jpg.rf.6d6443ed2c1a204e614fbcd686fee7fd.jpg,640,640,134603,12
train,DSC_5842_JPG_jpg.rf.9225e2b8901194916490c18935665fe2.jpg,640,640,168817,12
train,DSC_5842_JPG_jpg.rf.c0ec5d404d82e26050f6020975e3eeeb.jpg,640,640,168147,12
train,DSC_5842_JPG_jpg.rf.e4584ffbd6e0b33e312c7001f745c613.jpg,640,640,111554,12
train,DSC_5842_JPG_jpg.rf.f2f09345ee9080f950183164dd3b7cb3.jpg,640,640,163879,12
train,DSC_5842_JPG_jpg.rf.f479c80086d66ab0b4e178001060e2e9.jpg,640,640,120398,12
train,DSC_5843_JPG_jpg.rf.11ec1c6514f31cf4bddac63e4d7ea87e.jpg,640,640,173747,12
train,DSC_5843_JPG_jpg.rf.353cb8b9c8688ff00bf018f8f8e5dda7.jpg,640,640,58240,12
train,DSC_5843_JPG_jpg.rf.61e6556cd7d0a47e07a099cd6d1d9ab0.jpg,640,640,72591,12
train,DSC_5843_JPG_jpg.rf.67742f2a2901d7692ab593bd46aa99b9.jpg,640,640,134315,12
train,DSC_5843_JPG_jpg.rf.7cc66534f76a4449b29483f7d4c4c2c2.jpg,640,640,36727,12
train,DSC_5843_JPG_jpg.rf.8796f11b18dc38a071d254b38c104e8b.jpg,640,640,126792,12
train,DSC_5843_JPG_jpg.rf.c26dde6c4dad8e40e98bb2249d2b6ca4.jpg,640,640,86447,12
train,DSC_5843_JPG_jpg.rf.cea3bb64630a72ea0cc9429d02ceb629.jpg,640,640,100728,12
train,DSC_5844_JPG_jpg.rf.2b42d432a473404fc4471da7a2865949.jpg,640,640,110631,11
train,DSC_5844_JPG_jpg.rf.3462444be82d673e9a3ae671e39728af.jpg,640,640,167868,11
train,DSC_5844_JPG_jpg.rf.40f1e4fb6843bba2aba723f26c80b179.jpg,640,640,167868,11
train,DSC_5844_JPG_jpg.rf.519c405b372990f1ee8ac07710655c81.jpg,640,640,111373,11
train,DSC_5844_JPG_jpg.rf.654e85579b36ce44517be3d84eae5774.jpg,640,640,154138,11
train,DSC_5844_JPG_jpg.rf.667946371fd0a449722a6d8e39a465c1.jpg,640,640,133285,11
train,DSC_5844_JPG_jpg.rf.7b95b621581b101669d98636b9caf5e8.jpg,640,640,133285,11
train,DSC_5844_JPG_jpg.rf.aafc5ac08071d3dbfde591bdda2c082c.jpg,640,640,74883,11
train,DSC_5844_JPG_jpg.rf.da729e11648ca7de4582d72f4238b525.jpg,640,640,121374,11
train,DSC_5844_JPG_jpg.rf.dce11fb02c24e69dae54a6df3eb8e892.jpg,640,640,147943,11
train,DSC_5845_JPG_jpg.rf.11eef8585c44e66ee6fab0bcdb789abe.jpg,640,640,155558,13
train,DSC_5845_JPG_jpg.rf.558bfdfd3fc70af9afcd59b00adf2b3d.jpg,640,640,74996,13
train,DSC_5845_JPG_jpg.rf.6305e2b82aae064918bd675dd4edc3cc.jpg,640,640,102781,13
train,DSC_5845_JPG_jpg.rf.9341e8880ae949f07e011ca7371fcaa8.jpg,640,640,132882,13
train,DSC_5845_JPG_jpg.rf.b024152a0eb07034324a600621aac00d.jpg,640,640,134393,13
train,DSC_5845_JPG_jpg.rf.c929dfb16c537fe05d8cb27a0def79e4.jpg,640,640,114062,13
train,DSC_5845_JPG_jpg.rf.dab4fca47109d6298e2bf82872a3e971.jpg,640,640,144553,13
train,DSC_5845_JPG_jpg.rf.dc054e30fc116f492f0746c7e2b3b5ed.jpg,640,640,155558,13
train,DSC_5845_JPG_jpg.rf.fec3f90e61d34576aeff150f17694b73.jpg,640,640,149471,13
train,DSC_5846_JPG_jpg.rf.006f9f9fe44e94a7b8a01b7a72088c94.jpg,640,640,149104,13
train,DSC_5846_JPG_jpg.rf.18cf2824aa8984400f9adf82c7744718.jpg,640,640,57427,13
train,DSC_5846_JPG_jpg.rf.227ed2b9dee121ca694b99af3fd18a87.jpg,640,640,132775,13
train,DSC_5846_JPG_jpg.rf.5467d172d54c4f0dacb9fdd8e21c60d1.jpg,640,640,87452,13
train,DSC_5846_JPG_jpg.rf.5880d9444bb1a1947c0000d33b1605ad.jpg,640,640,90730,13
train,DSC_5846_JPG_jpg.rf.bb7921b58f4cdf9541cb87a35396aa36.jpg,640,640,121118,13
train,DSC_5846_JPG_jpg.rf.c1a4e79c6cffeb56d1ea3655d087972a.jpg,640,640,112734,13
train,DSC_5846_JPG_jpg.rf.ebc33471b278c63c0547421075b81aa3.jpg,640,640,101893,13
train,DSC_5847_JPG_jpg.rf.149eb74a98e2336679f362ae57b2f7aa.jpg,640,640,144839,13
train,DSC_5847_JPG_jpg.rf.2a75b2cd7ae3e91f505a07f123ae334a.jpg,640,640,139624,13
train,DSC_5847_JPG_jpg.rf.9338c55971e00a3d0b40c511cbe7fe18.jpg,640,640,75788,13
train,DSC_5847_JPG_jpg.rf.950912b1d22a14146c7f4d60ab21c352.jpg,640,640,165522,13
train,DSC_5847_JPG_jpg.rf.aabb05e612b95e8cddd9d4bade886367.jpg,640,640,111791,13
train,DSC_5847_JPG_jpg.rf.c261edd206a98982c0ff835e4b5d828c.jpg,640,640,139226,13
train,DSC_5847_JPG_jpg.rf.d20bd6c38a3f63f8bb707cb5f9580ae3.jpg,640,640,135248,13
train,DSC_5847_JPG_jpg.rf.d6334530c657a29033adc7e01d2f2717.jpg,640,640,164768,13
train,DSC_5848_JPG_jpg.rf.1787a338afe8ce3ebe6e59a7a8f282cf.jpg,640,640,172098,14
train,DSC_5848_JPG_jpg.rf.4fb0b18c9338720bb8057f28163bba8a.jpg,640,640,140243,14
train,DSC_5848_JPG_jpg.rf.5bfe5f54170b68cef5e0710f8919ddcc.jpg,640,640,170149,14
train,DSC_5848_JPG_jpg.rf.8f72a954420d9128a55dd7c5e32e8d0a.jpg,640,640,73952,14
train,DSC_5848_JPG_jpg.rf.9def2b99468475e57b7b0262643a3e1a.jpg,640,640,176252,14
train,DSC_5848_JPG_jpg.rf.d98a3cb8259299e3b647ebc0470b20d3.jpg,640,640,169826,14
train,DSC_5848_JPG_jpg.rf.de4be669510b2d74011f748d0bea2528.jpg,640,640,146646,14
train,DSC_5848_JPG_jpg.rf.e7b081578899b9a379633d002f4616c0.jpg,640,640,168467,14
train,DSC_5849_JPG_jpg.rf.1c706163f138eaeff107173b7b1afa7a.jpg,640,640,168226,14
train,DSC_5849_JPG_jpg.rf.64a9af1bcc79a7ac54ae0d67c699179a.jpg,640,640,57975,14
train,DSC_5849_JPG_jpg.rf.7e1c0e02a48ba6de821d9e062d73297f.jpg,640,640,161288,14
train,DSC_5849_JPG_jpg.rf.7ef2295530ac205b903a3dc309bcbaab.jpg,640,640,164521,14
train,DSC_5849_JPG_jpg.rf.baf18ae3e85599175b238dcceae6e116.jpg,640,640,150154,14
train,DSC_5849_JPG_jpg.rf.bbc5502e38fb56ad54476dd4ba01a1e7.jpg,640,640,128870,14
train,DSC_5849_JPG_jpg.rf.c88b5070a6a998bf97593f696d2fef55.jpg,640,640,87127,14
train,DSC_5849_JPG_jpg.rf.eda84d347f886c88ff6f3d0400fe99eb.jpg,640,640,160619,14
train,DSC_5849_JPG_jpg.rf.eef030569b6d7b34120bfb75541b9e98.jpg,640,640,168226,14
train,DSC_5850_JPG_jpg.rf.05e79b86bd59824b4ae00ca0dffc172f.jpg,640,640,59852,16
train,DSC_5850_JPG_jpg.rf.283989ea310016018ed48d8a4b22e8a9.jpg,640,640,168671,16
train,DSC_5850_JPG_jpg.rf.3f7df7bf193a6404feb752000efcafc0.jpg,640,640,154400,16
train,DSC_5850_JPG_jpg.rf.3fd695d6cace8c6c71563ca063e41d99.jpg,640,640,152481,16
train,DSC_5850_JPG_jpg.rf.5dffa657edb6d04f5be22f3df49210a0.jpg,640,640,168906,16
train,DSC_5850_JPG_jpg.rf.65c21f73ca33c77d0ce687f11a9e86d8.jpg,640,640,139774,16
train,DSC_5850_JPG_jpg.rf.6655631b0262732b91d496c820e1023d.jpg,640,640,129136,16
train,DSC_5850_JPG_jpg.rf.bd55dc18bcbe3f32f4e7cff3f0f6a086.jpg,640,640,152481,16
train,DSC_5850_JPG_jpg.rf.c1175058b357c1b1627d8d32214d6b97.jpg,640,640,140517,16
train,DSC_5851_JPG_jpg.rf.19a01cd1c47f7c8e401cc79ffef8fa49.jpg,640,640,114298,16
train,DSC_5851_JPG_jpg.rf.4c74513b65a93dd052b14bf5704e6b57.jpg,640,640,167476,16
train,DSC_5851_JPG_jpg.rf.96a0380ea67bd6ee4d6ea6c0e9ad524d.jpg,640,640,86641,16
train,DSC_5851_JPG_jpg.rf.a5accf1fa5d0428c9cb2078213f4be5b.jpg,640,640,170477,16
train,DSC_5851_JPG_jpg.rf.d43fc45a5a9cf09447bafdf5f4c992ee.jpg,640,640,128055,16
train,DSC_5851_JPG_jpg.rf.e3ecf2914bd45528b758d42683b2cb0e.jpg,640,640,172634,16
train,DSC_5851_JPG_jpg.rf.f755a3869e491a28c5938ab50c220d20.jpg,640,640,58048,16
train,DSC_5851_JPG_jpg.rf.f96394c4b0fcfd1be0390f20f3fe8606.jpg,640,640,152143,16
train,DSC_5852_JPG_jpg.rf.10e57b55b2b0e19a2cd16b756add8342.jpg,640,640,170817,17
train,DSC_5852_JPG_jpg.rf.120d5ab333f53697d7fba45073970358.jpg,640,640,145165,17
train,DSC_5852_JPG_jpg.rf.7ec8399525705e5be966e36e45b82ef4.jpg,640,640,134783,17
train,DSC_5852_JPG_jpg.rf.84eef0b3c1e5e68f7c22d490152d43de.jpg,640,640,57779,17
train,DSC_5852_JPG_jpg.rf.bf8c43cb26d4a89a6f77cec37822abb3.jpg,640,640,134077,17
train,DSC_5852_JPG_jpg.rf.cfb1962e75774934e3a2e011d8b1844b.jpg,640,640,136006,17
train,DSC_5852_JPG_jpg.rf.e233415914035617a3924a1bdcbc2f10.jpg,640,640,136189,17
train,DSC_5852_JPG_jpg.rf.fb443ed39afa600bb3f72bc5b47113f3.jpg,640,640,159977,17
train,DSC_5853_JPG_jpg.rf.08f83d5d2531d30b5dbb7da32ac1ca34.jpg,640,640,102248,17
train,DSC_5853_JPG_jpg.rf.2fd937b40764bc33504465330f7fca12.jpg,640,640,154222,17
train,DSC_5853_JPG_jpg.rf.3da304f0408de9856bcd500000760ba1.jpg,640,640,77320,17
train,DSC_5853_JPG_jpg.rf.3f07e43edd4ccaa4635bc5d84a39c28c.jpg,640,640,168518,17
train,DSC_5853_JPG_jpg.rf.5f1a066af8c66b55ee7139fde4ecb9e2.jpg,640,640,149424,17
train,DSC_5853_JPG_jpg.rf.61d0c86bff29038b2c51b057cf0167a6.jpg,640,640,102233,17
train,DSC_5853_JPG_jpg.rf.d7135918dacbe41a6545e236a637229f.jpg,640,640,159988,17
train,DSC_5853_JPG_jpg.rf.e123be6274bc969d7952492740b824e3.jpg,640,640,170072,17
train,DSC_5854_JPG_jpg.rf.0e63b4dc554a3b99d7b824be2b736dea.jpg,640,640,162266,17
train,DSC_5854_JPG_jpg.rf.140d6707e950c572c0aed16bb2f5ee5d.jpg,640,640,163954,17
train,DSC_5854_JPG_jpg.rf.6ba754af4802826f1f1b37acd4428041.jpg,640,640,133310,17
train,DSC_5854_JPG_jpg.rf.96d158ded21eefaed0884a421b62fd7d.jpg,640,640,103526,17
train,DSC_5854_JPG_jpg.rf.a1db7886871860cf9d10005f21e1d91f.jpg,640,640,133676,17
train,DSC_5854_JPG_jpg.rf.aae8a8ba9b2f2bd2ebdde31515aae11c.jpg,640,640,166754,17
train,DSC_5854_JPG_jpg.rf.e2f624a479286fe7b2ddbffaa51d2d79.jpg,640,640,163954,17
train,DSC_5854_JPG_jpg.rf.e64675407bff8f5d0c637a7e3eb6dd60.jpg,640,640,162801,17
train,DSC_5854_JPG_jpg.rf.eedc44c810ff169aee8879f7fdd9261f.jpg,640,640,89470,17
train,DSC_5855_JPG_jpg.rf.3c038e432af34904406949bd7ea402fb.jpg,640,640,157278,16
train,DSC_5855_JPG_jpg.rf.4cfbec2ccc0d176cae860896aa16f201.jpg,640,640,90119,16
train,DSC_5855_JPG_jpg.rf.70cb9bdf3f891fcdc946945eb11a5e1f.jpg,640,640,129923,16
train,DSC_5855_JPG_jpg.rf.900aa465e55e402b43947491c6067e89.jpg,640,640,165745,16
train,DSC_5855_JPG_jpg.rf.93b2c9cb00b2d4b53d7ee72de8cfd31f.jpg,640,640,161635,16
train,DSC_5855_JPG_jpg.rf.b558dd66b5732324a8102da1a87b30ab.jpg,640,640,179605,16
train,DSC_5855_JPG_jpg.rf.dbf49fc41f02d255ed5c3ff66a427ccb.jpg,640,640,158835,16
train,DSC_5855_JPG_jpg.rf.fb9912091bfa28bf25a688280289dfbd.jpg,640,640,164145,16
train,DSC_5856_JPG_jpg.rf.0cb83dfe9b4988f9614f4073b540db12.jpg,640,640,38169,15
train,DSC_5856_JPG_jpg.rf.4296e34b4917c555ce1d5dc612918070.jpg,640,640,120719,15
train,DSC_5856_JPG_jpg.rf.4b1f46fe8866e5792a6cfd9974ae9212.jpg,640,640,75679,15
train,DSC_5856_JPG_jpg.rf.c01017ac5cc030e8861f59fc700895ed.jpg,640,640,144072,15
train,DSC_5856_JPG_jpg.rf.d35e88322c315314a702db90d921dcda.jpg,640,640,163774,15
train,DSC_5856_JPG_jpg.rf.d9847b22ed7205dc60ae508e996048fc.jpg,640,640,171787,15
train,DSC_5856_JPG_jpg.rf.efaf4296116deaf4b0361db0e580ed7b.jpg,640,640,155813,15
train,DSC_5856_JPG_jpg.rf.fdc253a4fabff31f9cc7e2c33e18d504.jpg,640,640,162734,15
train,DSC_5857_JPG_jpg.rf.15c5c2fcd12c5d98fb6de8c3187efa00.jpg,640,640,168555,16
train,DSC_5857_JPG_jpg.rf.545c73ac99399a5f4a154a5669d47897.jpg,640,640,102605,16
train,DSC_5857_JPG_jpg.rf.7ad0cbad6e1ab5ed21e643f6405f41ab.jpg,640,640,171973,16
train,DSC_5857_JPG_jpg.rf.9b01ff7ca40f2f6e4bf8e20e1073392e.jpg,640,640,172872,16
train,DSC_5857_JPG_jpg.rf.b30e6e6531cf48e56a394a5abafd6976.jpg,640,640,155216,16
train,DSC_5857_JPG_jpg.rf.c592ed5692bcbe0661dd877bba4c441f.jpg,640,640,111938,16
train,DSC_5857_JPG_jpg.rf.d5218f0452013ce70c6c167fb0c8963d.jpg,640,640,163818,16
train,DSC_5857_JPG_jpg.rf.ea523ed2980cc6336f6a970519f03052.jpg,640,640,149246,16
train,DSC_5858_JPG_jpg.rf.132a39674b7998f157d6a1bfd68b9c9d.jpg,640,640,128722,16
train,DSC_5858_JPG_jpg.rf.261dee67bbf91990af1dab3ee89b2c46.jpg,640,640,173288,16
train,DSC_5858_JPG_jpg.rf.3f3c9145777c4c9c7eef825eca17724b.jpg,640,640,141441,16
train,DSC_5858_JPG_jpg.rf.3fbccb6a9aafab4de463520ff115a22e.jpg,640,640,147766,16
train,DSC_5858_JPG_jpg.rf.63541c59f675cd7f6a1bf74277a28f95.jpg,640,640,164647,16
train,DSC_5858_JPG_jpg.rf.658dd9b2ac141d6b26241a8beea3423e.jpg,640,640,155908,16
train,DSC_5858_JPG_jpg.rf.bc7d94ebbc1878c2036c0f4791d4ea7b.jpg,640,640,101508,16
train,DSC_5858_JPG_jpg.rf.f1e918181f670f22db840531f6659dda.jpg,640,640,135848,16
train,DSC_5859_JPG_jpg.rf.080808f2c081e1286b40615a60cdc63d.jpg,640,640,100568,13
train,DSC_5859_JPG_jpg.rf.1faa53b0b71c69b8ea435c1d6f626c5a.jpg,640,640,112622,13
train,DSC_5859_JPG_jpg.rf.521cd533c0ff2fd09d907c6ee04b70f1.jpg,640,640,150472,13
train,DSC_5859_JPG_jpg.rf.540589f482b2cc0fb7c7098832eae018.jpg,640,640,127425,13
train,DSC_5859_JPG_jpg.rf.61d53bf3623f8936ca5b08298d39f983.jpg,640,640,162373,13
train,DSC_5859_JPG_jpg.rf.928a78d443e345954fddac81e80db028.jpg,640,640,146449,13
train,DSC_5859_JPG_jpg.rf.a5d3cff584fe55bff4deb486d044b960.jpg,640,640,110813,13
train,DSC_5859_JPG_jpg.rf.cb85622a1dbc302bc2bf9e4264006cd2.jpg,640,640,169069,13
train,DSC_5860_JPG_jpg.rf.035d63546f41e3da9b475aa4f1ce3aa9.jpg,640,640,128812,14
train,DSC_5860_JPG_jpg.rf.5094e079a2ce1b6c3f34e6b73434854c.jpg,640,640,149908,14
train,DSC_5860_JPG_jpg.rf.5623f8615ebe0a94ae71a3bd90fc1fcb.jpg,640,640,60248,14
train,DSC_5860_JPG_jpg.rf.ab55b161605866ec6080f34558c7d64d.jpg,640,640,77594,14
train,DSC_5860_JPG_jpg.rf.d1e88b527be294d0e0b7c41c3af6de8c.jpg,640,640,171885,14
train,DSC_5860_JPG_jpg.rf.d7c0fa9800e5f3a68fc56bba457716dc.jpg,640,640,173143,14
train,DSC_5860_JPG_jpg.rf.e263ec40ece7e8d92b920ea41c9368e8.jpg,640,640,127719,14
train,DSC_5860_JPG_jpg.rf.ff454bc63431bef20fe40a6c2e3d7c5f.jpg,640,640,158367,14
train,DSC_5861_JPG_jpg.rf.3c4881ab75dd4b8988e0193ad3a314cc.jpg,640,640,146040,15
train,DSC_5861_JPG_jpg.rf.3f5ac76115bd005da5ad3439b1c7834a.jpg,640,640,135657,15
train,DSC_5861_JPG_jpg.rf.7fa1f3c50c59c26d0e096c95d9424857.jpg,640,640,140060,15
train,DSC_5861_JPG_jpg.rf.87a28d037c01b5bca2ff89f2772ef33f.jpg,640,640,140060,15
train,DSC_5861_JPG_jpg.rf.8a2514d6355c6a0508a1dccd9ffaac9a.jpg,640,640,151144,15
train,DSC_5861_JPG_jpg.rf.9e1aa6246fafcc2ef4ce42add95d6cff.jpg,640,640,175900,15
train,DSC_5861_JPG_jpg.rf.a80e4f80ca49ae91fa09e7a6103fa3fd.jpg,640,640,77154,15
train,DSC_5861_JPG_jpg.rf.a970de3e6a7a743a944128e9cf4c6ba4.jpg,640,640,139626,15
train,DSC_5861_JPG_jpg.rf.d271f3ad37963c5d124429f07c2458c2.jpg,640,640,171997,15
train,DSC_5862_JPG_jpg.rf.2fe1933b47aa336e1cb51deb330ec70f.jpg,640,640,158767,14
train,DSC_5862_JPG_jpg.rf.424f10a7f8ebefd59ec66c2d86536208.jpg,640,640,140528,14
train,DSC_5862_JPG_jpg.rf.64b8774028cf512acbaf650bc851cecc.jpg,640,640,112495,14
train,DSC_5862_JPG_jpg.rf.66ada35b8ad3ff2dbf1f0766e47962ca.jpg,640,640,168771,14
train,DSC_5862_JPG_jpg.rf.807249ade02008ea76bdfee1523f563c.jpg,640,640,156795,14
train,DSC_5862_JPG_jpg.rf.949b6708e5fc2bfd22cd0b2009e59d2b.jpg,640,640,113193,14
train,DSC_5862_JPG_jpg.rf.f8c7998b0c084f64787fa7af32a85228.jpg,640,640,101927,14
train,DSC_5862_JPG_jpg.rf.f9a48e803f5a8905634c8758b8bf84a3.jpg,640,640,120812,14
train,DSC_5863_JPG_jpg.rf.2559a87e9fe78e30f019cbb5a8323f95.jpg,640,640,167768,13
train,DSC_5863_JPG_jpg.rf.40ef95f473735273c5c711d804310d23.jpg,640,640,146039,13
train,DSC_5863_JPG_jpg.rf.456bd951064a56d76c137c697b03b04c.jpg,640,640,77305,13
train,DSC_5863_JPG_jpg.rf.798ffbde525e9238d034829ad6a978bb.jpg,640,640,157031,13
train,DSC_5863_JPG_jpg.rf.7ec6e42d09631ce96e70ee790efd8c58.jpg,640,640,112566,13
train,DSC_5863_JPG_jpg.rf.860452e955f8441960742bbef041492b.jpg,640,640,152271,13
train,DSC_5863_JPG_jpg.rf.c789a3963bd57439448ff53ae580d78c.jpg,640,640,100872,13
train,DSC_5863_JPG_jpg.rf.e19acd6ee7d1a6f7a76989b106c60d7f.jpg,640,640,134355,13
train,DSC_5864_JPG_jpg.rf.27ff310331a7bd625dec50e172a4ec75.jpg,640,640,172894,13
train,DSC_5864_JPG_jpg.rf.633b02902a8ffbdab5feb3cb45fabfe1.jpg,640,640,160563,13
train,DSC_5864_JPG_jpg.rf.6e01d2115da9019dd424a0d31d388e46.jpg,640,640,149212,13
train,DSC_5864_JPG_jpg.rf.72274ec74c29c7413a467d7c71c51c58.jpg,640,640,87033,13
train,DSC_5864_JPG_jpg.rf.7d9b261cc02799e229983ee2ba1ecb0f.jpg,640,640,90901,13
train,DSC_5864_JPG_jpg.rf.7ef9b9dadcfd934797e107888a7bc2ec.jpg,640,640,152019,13
train,DSC_5864_JPG_jpg.rf.b8bd7620301c3bfb45a6b2ba52a09909.jpg,640,640,154584,13
train,DSC_5864_JPG_jpg.rf.e712b7278df3b7a70764073d126a2753.jpg,640,640,127497,13
train,DSC_5865_JPG_jpg.rf.24e634b12632eab7e61524a07d784e4a.jpg,640,640,140313,14
train,DSC_5865_JPG_jpg.rf.53e3f5aba36739a57dea4ff76432539f.jpg,640,640,171972,14
train,DSC_5865_JPG_jpg.rf.705b3324aace10604548ba780690110c.jpg,640,640,146147,14
train,DSC_5865_JPG_jpg.rf.74a793f6a1c43c184a926b9a4ed40be6.jpg,640,640,74050,14
train,DSC_5865_JPG_jpg.rf.7504ad245286aa34d1864d265814c081.jpg,640,640,167556,14
train,DSC_5865_JPG_jpg.rf.975a674613300b311113910cd38e3cd5.jpg,640,640,160782,14
train,DSC_5865_JPG_jpg.rf.bce47b657195b372d4551de7bebf18ba.jpg,640,640,58245,14
train,DSC_5865_JPG_jpg.rf.cca892d23d531593c8f9b3c810f0136e.jpg,640,640,103269,14
train,DSC_5866_JPG_jpg.rf.0378e9799eb47956aa603aa7c5e36bf5.jpg,640,640,86378,14
train,DSC_5866_JPG_jpg.rf.1b1d196706677af08de7ff15dbdce55f.jpg,640,640,58003,14
train,DSC_5866_JPG_jpg.rf.3741b2ef452dcb0709c818bae2b3bf3d.jpg,640,640,169766,14
train,DSC_5866_JPG_jpg.rf.64b653ffd7c0ff61e147f4a14788e16c.jpg,640,640,159732,14
train,DSC_5866_JPG_jpg.rf.6f214fe9de5625d32a62063523a8e37a.jpg,640,640,134220,14
train,DSC_5866_JPG_jpg.rf.892494fec7388922adbabfcac105a471.jpg,640,640,160125,14
train,DSC_5866_JPG_jpg.rf.e2e1cc2ca0740462f422ac8f159643f4.jpg,640,640,85784,14
train,DSC_5866_JPG_jpg.rf.e8a79e3be9d257d751cf6da42f1e729c.jpg,640,640,91042,14
train,DSC_5867_JPG_jpg.rf.168892891909424268b5d283f85646a5.jpg,640,640,166998,13
train,DSC_5867_JPG_jpg.rf.21d70cda90f8ddee086886254cca4200.jpg,640,640,165159,13
train,DSC_5867_JPG_jpg.rf.2879b92103cbabb0692765147801971a.jpg,640,640,173936,13
train,DSC_5867_JPG_jpg.rf.3a4e180831f131242cd1842f620080b6.jpg,640,640,90803,13
train,DSC_5867_JPG_jpg.rf.66c4c366a4c0160f58e60b2fba668a1c.jpg,640,640,140168,13
train,DSC_5867_JPG_jpg.rf.75743dd21229f913b148a032e72732f2.jpg,640,640,120189,13
train,DSC_5867_JPG_jpg.rf.8a4f888a94e4d06e86352b75d0d88a82.jpg,640,640,128354,13
train,DSC_5867_JPG_jpg.rf.c457f8629609f7a79ce5fa0402f90917.jpg,640,640,159661,13
train,DSC_5868_JPG_jpg.rf.08d52302875d4efa26c0deb2cbf5023b.jpg,640,640,120889,12
train,DSC_5868_JPG_jpg.rf.265a59d8131c55cc1a290044e6d36ae3.jpg,640,640,74138,12
train,DSC_5868_JPG_jpg.rf.315a9bd312b24fc4958f55b20fe034c1.jpg,640,640,165835,12
train,DSC_5868_JPG_jpg.rf.42a04fe09d8ed39e73b9ace5d4985919.jpg,640,640,102239,12
train,DSC_5868_JPG_jpg.rf.46b6a8ebde6882bff8801de43068c61c.jpg,640,640,133562,12
train,DSC_5868_JPG_jpg.rf.8173fa57e46bed28799bae0cd0871358.jpg,640,640,87665,12
train,DSC_5868_JPG_jpg.rf.eed1fc6fd2371292abd812d667dff224.jpg,640,640,160261,12
train,DSC_5868_JPG_jpg.rf.f25ceb7aa74a5a316dd163fba4dceff4.jpg,640,640,174418,12
train,DSC_5869_JPG_jpg.rf.3f0d3729d0d4c147cfdcfdb0b13568a9.jpg,640,640,101714,11
train,DSC_5869_JPG_jpg.rf.5883dde9a50628e54c210a267a32ec6b.jpg,640,640,170653,11
train,DSC_5869_JPG_jpg.rf.7df921b34b246795b55db8c5d512b184.jpg,640,640,133964,11
train,DSC_5869_JPG_jpg.rf.871a5ec9e11bb65a29152f5f8f180a09.jpg,640,640,170846,11
train,DSC_5869_JPG_jpg.rf.8a84e30727722a541c33e6693f65d1db.jpg,640,640,163292,11
train,DSC_5869_JPG_jpg.rf.9aeefdddf028cba8dc5fd1d56e1a9e09.jpg,640,640,167167,11
train,DSC_5869_JPG_jpg.rf.a7d381bdfdb814617a80c2885d746046.jpg,640,640,135015,11
train,DSC_5869_JPG_jpg.rf.f7bfca2e82c76f212dd78197f902ff8e.jpg,640,640,164683,11
train,DSC_5870_JPG_jpg.rf.519fca5962a258f29fdfaa91f3789b0e.jpg,640,640,153878,12
train,DSC_5870_JPG_jpg.rf.70528804881785940f191c2e7e9895a1.jpg,640,640,157089,12
train,DSC_5870_JPG_jpg.rf.726a0828af0b57efec21455b1f0c56a1.jpg,640,640,102285,12
train,DSC_5870_JPG_jpg.rf.923bae9ae8827cdf21748db63db9c3e7.jpg,640,640,170752,12
train,DSC_5870_JPG_jpg.rf.cad667bfcc45e1cc264b6404599262b1.jpg,640,640,170939,12
train,DSC_5870_JPG_jpg.rf.e27ae637a69e7a13f4b8dabc12c94875.jpg,640,640,111909,12
train,DSC_5870_JPG_jpg.rf.e29f0b5006004b117ae8202bc2654762.jpg,640,640,127452,12
train,DSC_5870_JPG_jpg.rf.e739f18da93337f0c21d9dbfbf755a61.jpg,640,640,101879,12
train,DSC_5871_JPG_jpg.rf.0ff7e0c9d8b245246802e74c0b35de5a.jpg,640,640,74058,13
train,DSC_5871_JPG_jpg.rf.2220917702516e6c59220a6fb12bd1ff.jpg,640,640,163285,13
train,DSC_5871_JPG_jpg.rf.249a9ebc620ba305ac42b115fdc8404c.jpg,640,640,145163,13
train,DSC_5871_JPG_jpg.rf.3320c3dffa86a92627ec458b2cb70c30.jpg,640,640,37218,13
train,DSC_5871_JPG_jpg.rf.3fb18ab3195f151fd9967403dfee8494.jpg,640,640,91512,13
train,DSC_5871_JPG_jpg.rf.a67865bc422797c0245329f2d78b7c35.jpg,640,640,171340,13
train,DSC_5871_JPG_jpg.rf.a862626cd623e7bb23b5900b504e6c81.jpg,640,640,89928,13
train,DSC_5871_JPG_jpg.rf.ff60b1c526bc5721d3d79a6457629906.jpg,640,640,177163,13
train,DSC_5874_JPG_jpg.rf.598a25909e4be2b719370efaf39bcd67.jpg,640,640,140707,14
train,DSC_5874_JPG_jpg.rf.9577214052a919c9529b04c13c41d1e0.jpg,640,640,100193,14
train,DSC_5874_JPG_jpg.rf.a44cabdcedf0b6686be6575934d306a1.jpg,640,640,163443,14
train,DSC_5874_JPG_jpg.rf.bac331df008505801910fc41c1772866.jpg,640,640,173800,14
train,DSC_5874_JPG_jpg.rf.be68ec3ac8abdff4a89c63b5dc3514c6.jpg,640,640,149097,14
train,DSC_5874_JPG_jpg.rf.ca6e7cf0016b15ffb0a0290b15560af5.jpg,640,640,173800,14
train,DSC_5874_JPG_jpg.rf.d131bcb56a46bfd13bd893d6bc4f5e40.jpg,640,640,144328,14
train,DSC_5874_JPG_jpg.rf.dad62dbd7b6fdfe8436fa19f69d2adaa.jpg,640,640,89420,14
train,DSC_5874_JPG_jpg.rf.f0c472f23560d5678fd73eadd09a0342.jpg,640,640,167490,14
train,DSC_5875_JPG_jpg.rf.2216cc317dddda5eeb11c923d583eac8.jpg,640,640,170894,14
train,DSC_5875_JPG_jpg.rf.6a728ac5c90fba11901d6890dba2e6d4.jpg,640,640,74618,14
train,DSC_5875_JPG_jpg.rf.752285eb3967a2e825340c10f72a6a26.jpg,640,640,171862,14
train,DSC_5875_JPG_jpg.rf.7d85c008241a683c04f5eba3af4fe27e.jpg,640,640,170894,14
train,DSC_5875_JPG_jpg.rf.ae939bcca5dc82ed56b4263bb60c76f7.jpg,640,640,57296,14
train,DSC_5875_JPG_jpg.rf.bfe41ccc649f46d703047593e9d53f6e.jpg,640,640,165366,14
train,DSC_5875_JPG_jpg.rf.e007d22b4b400321a78f18eff196a908.jpg,640,640,174922,14
train,DSC_5875_JPG_jpg.rf.f22ef6d0b054c96f156098284f8b1732.jpg,640,640,174796,14
train,DSC_5875_JPG_jpg.rf.f5fa1cf239ba4b51443e6583f8c044bf.jpg,640,640,111633,14
train,DSC_5876_JPG_jpg.rf.2067a321a88a1d654b1f459ac93d8093.jpg,640,640,165442,15
train,DSC_5876_JPG_jpg.rf.3877ab3f3797fc81dd180699e41c4ba3.jpg,640,640,165442,15
train,DSC_5876_JPG_jpg.rf.4b54f89dcd144c00fd4289d26036d045.jpg,640,640,153458,15
train,DSC_5876_JPG_jpg.rf.513c000900c144f6773503dc0d1e7ecc.jpg,640,640,139964,15
train,DSC_5876_JPG_jpg.rf.71e9e4e3c0a84f121eb1f18f6f0a1211.jpg,640,640,146020,15
train,DSC_5876_JPG_jpg.rf.90ee5f3e65b7353075c1ef9a819a7225.jpg,640,640,153510,15
train,DSC_5876_JPG_jpg.rf.941760b55fb4c061ca2b8ad2e0cfce62.jpg,640,640,151571,15
train,DSC_5876_JPG_jpg.rf.d92dd3756e53b4d75b1246697b4f0775.jpg,640,640,166322,15
train,DSC_5876_JPG_jpg.rf.e08da31c6171be50caffed556dbb1d2e.jpg,640,640,128142,15
train,DSC_5877_JPG_jpg.rf.104f955921facd439f3afa6dfc626cf6.jpg,640,640,33925,12
train,DSC_5877_JPG_jpg.rf.6dbf05a5fd4745566b7d7c7d302c99e1.jpg,640,640,158699,12
train,DSC_5877_JPG_jpg.rf.82a96c8af874f51d4e7e7ee7886bb0ed.jpg,640,640,71769,12
train,DSC_5877_JPG_jpg.rf.8c88530e48d3c14b5028eaef26b4a625.jpg,640,640,133354,12
train,DSC_5877_JPG_jpg.rf.c591141d8b30b71372a207cdad9ec156.jpg,640,640,101584,12
train,DSC_5877_JPG_jpg.rf.d38a9b362f5ecce87072c77466d73360.jpg,640,640,169742,12
train,DSC_5877_JPG_jpg.rf.e3bea41f479841a137c2ed45df46e462.jpg,640,640,164403,12
train,DSC_5877_JPG_jpg.rf.e3f2a29e0e92b042737ee0b134e043a0.jpg,640,640,169002,12
train,DSC_5878_JPG_jpg.rf.07d1b28229686405978aaf61f0916ec9.jpg,640,640,89056,14
train,DSC_5878_JPG_jpg.rf.47d6582e40bd00ef262b632f5507c702.jpg,640,640,133526,14
train,DSC_5878_JPG_jpg.rf.55317bf2df8b53f2869d3830814f1940.jpg,640,640,168725,14
train,DSC_5878_JPG_jpg.rf.5a5079b7f27539caadf7ee606db703c2.jpg,640,640,108006,14
train,DSC_5878_JPG_jpg.rf.796763ddc48ac9257754cb745ae9124d.jpg,640,640,107892,14
train,DSC_5878_JPG_jpg.rf.a1a4ebbbb0182a1c4e0b29b7600581b8.jpg,640,640,171739,14
train,DSC_5878_JPG_jpg.rf.b2d69d803b4a7744c982b7d23ba281dd.jpg,640,640,158346,14
train,DSC_5878_JPG_jpg.rf.e58bf4d23f86b2cf5f230fbb27f6a372.jpg,640,640,168468,14
train,DSC_5879_JPG_jpg.rf.17c0d4517781d64b9fdd166d281756cf.jpg,640,640,145330,14
train,DSC_5879_JPG_jpg.rf.1bff01254cca6a0f8e39b7bad845fac5.jpg,640,640,120778,14
train,DSC_5879_JPG_jpg.rf.2ab44aac98d73785b25d530cc4863874.jpg,640,640,111216,14
train,DSC_5879_JPG_jpg.rf.3428e6b6e7a558af14bfa48479af66c5.jpg,640,640,172678,14
train,DSC_5879_JPG_jpg.rf.60dec2e116c0869782a5eecd6882d554.jpg,640,640,166454,14
train,DSC_5879_JPG_jpg.rf.8dd8949439d88866c4bbd9e9de5b4213.jpg,640,640,163467,14
train,DSC_5879_JPG_jpg.rf.9c524e0a46b9e6ef539d381374f0e8f8.jpg,640,640,157799,14
train,DSC_5879_JPG_jpg.rf.b071215687238dd6026c0889253ca23e.jpg,640,640,132642,14
train,DSC_5880_JPG_jpg.rf.19867fdbcf57adf7ed9bae83c0221395.jpg,640,640,145795,15
train,DSC_5880_JPG_jpg.rf.1dd1d1bef132cd46f5b90a60a6a3510d.jpg,640,640,141162,15
train,DSC_5880_JPG_jpg.rf.37977819fde6e7a82ea8cb8848d1876f.jpg,640,640,159195,15
train,DSC_5880_JPG_jpg.rf.4350614b0de197313801fd2350b129f7.jpg,640,640,174228,15
train,DSC_5880_JPG_jpg.rf.4b32531fc3998de066b1a3fc3af85f2b.jpg,640,640,89724,15
train,DSC_5880_JPG_jpg.rf.52cee87b555ca34bf1485e752cada538.jpg,640,640,121268,15
train,DSC_5880_JPG_jpg.rf.8d9bee44a4ff560ba24301eeca1090f7.jpg,640,640,139943,15
train,DSC_5880_JPG_jpg.rf.91ffcfc427e9f9ac301da06883580248.jpg,640,640,36985,15
train,DSC_5880_JPG_jpg.rf.e6d16489d39b24647391eb10363f6ac3.jpg,640,640,36985,15
train,DSC_5881_JPG_jpg.rf.20d8b58b1d464b7abf28e7976867d1d1.jpg,640,640,170635,15
train,DSC_5881_JPG_jpg.rf.2200cef9645a4251a11d831b8158bc26.jpg,640,640,57965,15
train,DSC_5881_JPG_jpg.rf.3127307441b4f8f7b42cbff25637495f.jpg,640,640,140023,15
train,DSC_5881_JPG_jpg.rf.3361ff973e2c2530d34ffc5c995ed377.jpg,640,640,150076,15
train,DSC_5881_JPG_jpg.rf.4be6d81e5857809a5b0ba20d6c75ecb9.jpg,640,640,153941,15
train,DSC_5881_JPG_jpg.rf.644d08186162707fe3c5f01ae1c9c1db.jpg,640,640,160639,15
train,DSC_5881_JPG_jpg.rf.760a8e61449befbd12ac23fb62fb6ac1.jpg,640,640,91040,15
train,DSC_5881_JPG_jpg.rf.788f5ae3dc751413a5bb28f08277ebcd.jpg,640,640,170635,15
train,DSC_5881_JPG_jpg.rf.d984fe023139e449cc8368bf548c7750.jpg,640,640,153941,15
train,DSC_5881_JPG_jpg.rf.eacb85b4c201c7cf7630dbd2562e223f.jpg,640,640,174549,15
train,DSC_5882_JPG_jpg.rf.00810cec3a27f183be5d32f5255b725b.jpg,640,640,150934,15
train,DSC_5882_JPG_jpg.rf.3395577e47951f609067e8a5d56dc674.jpg,640,640,147777,15
train,DSC_5882_JPG_jpg.rf.350314802ac0ebef1bacaa73b8a035d0.jpg,640,640,89181,15
train,DSC_5882_JPG_jpg.rf.498661c1fe4e2be026f7cb1981597801.jpg,640,640,149411,15
train,DSC_5882_JPG_jpg.rf.9b1e38029da2b5926f78b810ad4f91e3.jpg,640,640,143092,15
train,DSC_5882_JPG_jpg.rf.a29e8bb0220925457c9e383c01d22c33.jpg,640,640,163669,15
train,DSC_5882_JPG_jpg.rf.d1986569a9eba96565ea04a619ec7ef0.jpg,640,640,149415,15
train,DSC_5882_JPG_jpg.rf.e4e2f02d847db61fb3013b2d1f7c3ccf.jpg,640,640,144625,15
train,DSC_5883_JPG_jpg.rf.03152fc401802e7cb73555e5a02ecfd0.jpg,640,640,146012,15
train,DSC_5883_JPG_jpg.rf.1266f97c8c17cb434294e11715efc153.jpg,640,640,149327,15
train,DSC_5883_JPG_jpg.rf.1c843f2437cf6850b29b21ddf5844889.jpg,640,640,57936,15
train,DSC_5883_JPG_jpg.rf.61c5de7e3b5083430c517a4f9ef536a1.jpg,640,640,144771,15
train,DSC_5883_JPG_jpg.rf.62142da7b5344ac5cd76ab2cb484ee85.jpg,640,640,170757,15
train,DSC_5883_JPG_jpg.rf.998b0f309a2510171030990b533673bb.jpg,640,640,102148,15
train,DSC_5883_JPG_jpg.rf.d2957195ee2c3c180f3c0f6422a56197.jpg,640,640,111951,15
train,DSC_5883_JPG_jpg.rf.f667bf909c81c44e654148a10bd5cae8.jpg,640,640,128566,15
train,DSC_5884_JPG_jpg.rf.31d66c41537a17d863ec816321d87d7a.jpg,640,640,150049,12
train,DSC_5884_JPG_jpg.rf.32a2a059ce718531d6bd13c4258ea763.jpg,640,640,74678,12
train,DSC_5884_JPG_jpg.rf.36d2725d05af0a6a88b44f6c421eaedb.jpg,640,640,167242,12
train,DSC_5884_JPG_jpg.rf.3e6dc7ac9dc51a101127b4279d0a99a6.jpg,640,640,150049,12
train,DSC_5884_JPG_jpg.rf.48c9e63e8edc9429a96bcca297406640.jpg,640,640,172024,12
train,DSC_5884_JPG_jpg.rf.6f84996f8fb6f66035afdcdd0ece284a.jpg,640,640,100408,12
train,DSC_5884_JPG_jpg.rf.6ff273d3b0687d5295f146863dff61c6.jpg,640,640,164746,12
train,DSC_5884_JPG_jpg.rf.830f28fec853aaa3904e05f6194ce721.jpg,640,640,75281,12
train,DSC_5884_JPG_jpg.rf.8d0b1cb9ccd51eb8282f151e0df50978.jpg,640,640,133504,12
train,DSC_5884_JPG_jpg.rf.9c46c430fc522d321683563c26f570c5.jpg,640,640,100408,12
train,DSC_5884_JPG_jpg.rf.c13a556fbeaf602391326c6c92877b0a.jpg,640,640,133504,12
train,DSC_5885_JPG_jpg.rf.18bc4e54bfe47c386b800c6cc5b500d7.jpg,640,640,113118,11
train,DSC_5885_JPG_jpg.rf.1a88f562433ff029284313f7949b63b1.jpg,640,640,36953,11
train,DSC_5885_JPG_jpg.rf.50cf36aca2b21e488e71a2bbc16594cb.jpg,640,640,173443,11
train,DSC_5885_JPG_jpg.rf.7c4e0fe6323f44826d52507324881eb1.jpg,640,640,151925,11
train,DSC_5885_JPG_jpg.rf.8a46b3373cf948dd5fc55127236eae6e.jpg,640,640,89533,11
train,DSC_5885_JPG_jpg.rf.921c19d5a3e00ce6845f84aa4142a9f9.jpg,640,640,119511,11
train,DSC_5885_JPG_jpg.rf.b799c6698d8f860f99a1123503e47ad1.jpg,640,640,89853,11
train,DSC_5885_JPG_jpg.rf.eb1edbbb038b6456444acfc9e1198a73.jpg,640,640,140099,11
train,DSC_5886_JPG_jpg.rf.2f4c4970a393844e5d1a585b252240d5.jpg,640,640,111782,11
train,DSC_5886_JPG_jpg.rf.4d13739dabbb68e26e938d574eb6fc9f.jpg,640,640,159833,11
train,DSC_5886_JPG_jpg.rf.68d9e95e44e72ed46bc9ca5348fdb90a.jpg,640,640,101069,11
train,DSC_5886_JPG_jpg.rf.7170c22b14e0627eefef0e492921b057.jpg,640,640,169585,11
train,DSC_5886_JPG_jpg.rf.c54a8f739c2323b586d9aed7718fa6ef.jpg,640,640,173947,11
train,DSC_5886_JPG_jpg.rf.ca48732a4f08b76fbda58c93702227c0.jpg,640,640,160046,11
train,DSC_5886_JPG_jpg.rf.d578335e7871c3f7f314dd74b87eb345.jpg,640,640,175009,11
train,DSC_5886_JPG_jpg.rf.ec7c4ab667a2233e516db5eee622101e.jpg,640,640,172725,11
train,DSC_5887_JPG_jpg.rf.70597579661eead3992166c5d5c759d9.jpg,640,640,139722,10
train,DSC_5887_JPG_jpg.rf.79eee9d97d9533a18cddc40c85c2cd42.jpg,640,640,165346,10
train,DSC_5887_JPG_jpg.rf.8901020a6bc50fdf135df35268a09d33.jpg,640,640,101133,10
train,DSC_5887_JPG_jpg.rf.9058205b4bd435b8dcf3dcb4ed25b57e.jpg,640,640,171009,10
train,DSC_5887_JPG_jpg.rf.ce43105a42f2503347d11ed2cf57115b.jpg,640,640,119715,10
train,DSC_5887_JPG_jpg.rf.dadfc114a7e6e3b9ecfc4a48066c4599.jpg,640,640,35019,10
train,DSC_5887_JPG_jpg.rf.e261bd8e2610224b578eb43ac766f8d1.jpg,640,640,132049,10
train,DSC_5887_JPG_jpg.rf.e40dd471290d509b6d2ebaabf83421c2.jpg,640,640,163608,10
train,DSC_5888_JPG_jpg.rf.2f8d5bdee0707d069e09a9556da91029.jpg,640,640,148401,9
train,DSC_5888_JPG_jpg.rf.35dc28c14fd5b388e60f4f9439866e7c.jpg,640,640,145418,9
train,DSC_5888_JPG_jpg.rf.3ed8040fc8cca9da0bc650e8c7c7af78.jpg,640,640,125456,9
train,DSC_5888_JPG_jpg.rf.4db3e5945723168425452e78c3475d09.jpg,640,640,108217,9
train,DSC_5888_JPG_jpg.rf.5af404491be2f9d9a661bfc69d07d89d.jpg,640,640,173477,9
train,DSC_5888_JPG_jpg.rf.d491bbdcfc488e2b6b77b3a591244901.jpg,640,640,151355,9
train,DSC_5888_JPG_jpg.rf.f0b479b7352e71e5ba8fd4687488e417.jpg,640,640,126600,9
train,DSC_5888_JPG_jpg.rf.f9394235c73b2a1bc4345437c9e25a75.jpg,640,640,74792,9
train,DSC_5889_JPG_jpg.rf.0f5702f91b9e2a2e655fa8ae8a0fc226.jpg,640,640,75014,11
train,DSC_5889_JPG_jpg.rf.43875bb7f0a4b5323555a7ea3599f2e7.jpg,640,640,125959,11
train,DSC_5889_JPG_jpg.rf.5c71d27c5cbf47ad77bee5fc5f615ba9.jpg,640,640,171473,11
train,DSC_5889_JPG_jpg.rf.67e4dbf0719ce552b42866b40c1a7513.jpg,640,640,143110,11
train,DSC_5889_JPG_jpg.rf.821dba52f436a00c9ccc660f388c0cf3.jpg,640,640,151959,11
train,DSC_5889_JPG_jpg.rf.cccf3657d5399ed4a5ac256b567bc679.jpg,640,640,88343,11
train,DSC_5889_JPG_jpg.rf.d38e93a8537287bf49484383d82b5690.jpg,640,640,119685,11
train,DSC_5889_JPG_jpg.rf.f85f738d22e37a0eff58017ced4680dc.jpg,640,640,119596,11
train,DSC_5890_JPG_jpg.rf.01f032aec72429eed161ceefedc7d56c.jpg,640,640,34168,10
train,DSC_5890_JPG_jpg.rf.16e8624bccf30432ee7a3e27a2d6fb65.jpg,640,640,171890,10
train,DSC_5890_JPG_jpg.rf.199414ed18d7b8a53b551ffab73cdee8.jpg,640,640,144034,10
train,DSC_5890_JPG_jpg.rf.4011fbae1860455f665ee0ff6acaeffc.jpg,640,640,177783,10
train,DSC_5890_JPG_jpg.rf.49d8f05142b070b37caac5769f0a4775.jpg,640,640,171890,10
train,DSC_5890_JPG_jpg.rf.5c875f6ae2a731ae4f64ccb1641d8dbb.jpg,640,640,167076,10
train,DSC_5890_JPG_jpg.rf.71695823e77f2c89c00444d3f79ae19b.jpg,640,640,175444,10
train,DSC_5890_JPG_jpg.rf.aa30a3e313e8c9f03902224d52303b66.jpg,640,640,162078,10
train,DSC_5890_JPG_jpg.rf.bc83e071ce44d5b2242d7e602fdf721a.jpg,640,640,87981,10
train,DSC_5891_JPG_jpg.rf.15d1132dd43dd0e4cc2f8d1e8d95fd46.jpg,640,640,109318,10
train,DSC_5891_JPG_jpg.rf.4352f7311557faf59bbcf809169eb5a6.jpg,640,640,89657,10
train,DSC_5891_JPG_jpg.rf.7bad936318e28b51985ae06ada0712d8.jpg,640,640,130457,10
train,DSC_5891_JPG_jpg.rf.97ab9e99f977b27516c2a544618c7011.jpg,640,640,144461,10
train,DSC_5891_JPG_jpg.rf.a9dc4c52b5223ccb5a58fcfc92a6e720.jpg,640,640,135548,10
train,DSC_5891_JPG_jpg.rf.bc8af7affe50c34b3abf74bfdfee8fae.jpg,640,640,138733,10
train,DSC_5891_JPG_jpg.rf.e891c40ff696091d458f706b2aac2fc7.jpg,640,640,88818,10
train,DSC_5891_JPG_jpg.rf.f6ece50c070c2be3f7aacc99c018a379.jpg,640,640,54709,10
train,DSC_5892_JPG_jpg.rf.36e55cfb845845b01b288e166ace1c4c.jpg,640,640,90319,10
train,DSC_5892_JPG_jpg.rf.4ed6c63571f8f9f66f21050615369111.jpg,640,640,100763,10
train,DSC_5892_JPG_jpg.rf.508acc5e5c0e59297bacdcb1715f3b94.jpg,640,640,127735,10
train,DSC_5892_JPG_jpg.rf.66462ab1d2606e81ae0face47ea0ac3e.jpg,640,640,176104,10
train,DSC_5892_JPG_jpg.rf.892854c34ea71508f32f73298335b1f5.jpg,640,640,56058,10
train,DSC_5892_JPG_jpg.rf.bed0ac1f3f7a7a2399e26702461ae7a1.jpg,640,640,158639,10
train,DSC_5892_JPG_jpg.rf.c293037ea55a8089cfa4c2045d85d38f.jpg,640,640,169265,10
train,DSC_5892_JPG_jpg.rf.f4ee94500c4f1ab7ba6d1da184da4feb.jpg,640,640,127735,10
train,DSC_5892_JPG_jpg.rf.f5347893d1e51b60715ac4125dc738f0.jpg,640,640,127030,10
train,DSC_5893_JPG_jpg.rf.49dc0ae2bceb375a20d0ed50e4f5dd2e.jpg,640,640,159377,9
train,DSC_5893_JPG_jpg.rf.524157c2b91c6dee8ef2e1bd6e01f9a7.jpg,640,640,126313,9
train,DSC_5893_JPG_jpg.rf.5eebeb6c2ec9c39aef4d6fa722a8d81f.jpg,640,640,133252,9
train,DSC_5893_JPG_jpg.rf.79f006753af0ad90632edcc8638f910e.jpg,640,640,54471,9
train,DSC_5893_JPG_jpg.rf.88e91d68c4e0105bc41fd15759552540.jpg,640,640,148490,9
train,DSC_5893_JPG_jpg.rf.ad87e6178af4744cc80c0e6c994fb043.jpg,640,640,127826,9
train,DSC_5893_JPG_jpg.rf.b5b979a4c05caec7bdd7696935f01913.jpg,640,640,164535,9
train,DSC_5893_JPG_jpg.rf.ff02ed270e9f57fa2eeb2a7959af12ee.jpg,640,640,100574,9
train,DSC_5894_JPG_jpg.rf.55c4311a94b19ab3552dcb2042afee40.jpg,640,640,133979,10
train,DSC_5894_JPG_jpg.rf.5ee3a3ea466677340ac56d5e0a113f1c.jpg,640,640,164865,10
train,DSC_5894_JPG_jpg.rf.952aa001967004a89d7adc97d09a9ea1.jpg,640,640,162251,10
train,DSC_5894_JPG_jpg.rf.ac250edaf01226cacb67bd72526b289b.jpg,640,640,171861,10
train,DSC_5894_JPG_jpg.rf.aeb88674dc5e9cac98645e8563c6d9ee.jpg,640,640,54474,10
train,DSC_5894_JPG_jpg.rf.bf294bd059b638239b926d2bfda21d0c.jpg,640,640,126239,10
train,DSC_5894_JPG_jpg.rf.ed8e62cedd72005dc182d47b43622b68.jpg,640,640,55344,10
train,DSC_5894_JPG_jpg.rf.fca7f391c2a35af52c5b44a6345393be.jpg,640,640,126787,10
train,DSC_5895_JPG_jpg.rf.2b1072bc4fa8542b13a62453bce80f0a.jpg,640,640,138164,12
train,DSC_5895_JPG_jpg.rf.4482ba7c4a4f904b70aafa96b0b15338.jpg,640,640,108610,12
train,DSC_5895_JPG_jpg.rf.68ac537d88ee90b3e015c7f5294419f7.jpg,640,640,75829,12
train,DSC_5895_JPG_jpg.rf.7f9095064e55d81bb76e25f2c7bf5d3b.jpg,640,640,163769,12
train,DSC_5895_JPG_jpg.rf.876e530bfe11be52c5213af8492924f6.jpg,640,640,149349,12
train,DSC_5895_JPG_jpg.rf.90fac3aa682558aa633dbc7369fee77e.jpg,640,640,172805,12
train,DSC_5895_JPG_jpg.rf.a4c5a7f847a487450bf8e76875a61718.jpg,640,640,141070,12
train,DSC_5895_JPG_jpg.rf.b88f785d8a8cc087ebbf9ce050474c07.jpg,640,640,144012,12
train,DSC_5896_JPG_jpg.rf.038b556028ad2687466fd937a9711dda.jpg,640,640,110239,12
train,DSC_5896_JPG_jpg.rf.1c5c7ea2556e6dfdf840f3274473a44c.jpg,640,640,143650,12
train,DSC_5896_JPG_jpg.rf.36b766c9d494035f4771d4acfb848849.jpg,640,640,52944,12
train,DSC_5896_JPG_jpg.rf.435125d8dd358a257ed18a930d52b29b.jpg,640,640,127007,12
train,DSC_5896_JPG_jpg.rf.4708ae154dd35f3d29da9e965fd27315.jpg,640,640,148074,12
train,DSC_5896_JPG_jpg.rf.4e41a1d25993ab147ab853d88d161f08.jpg,640,640,149732,12
train,DSC_5896_JPG_jpg.rf.54106dcc788769f9b5be7e3c985a94e5.jpg,640,640,126517,12
train,DSC_5896_JPG_jpg.rf.beec94b54be928f55842659ee4eb1d5f.jpg,640,640,134529,12
train,DSC_5897_JPG_jpg.rf.0801e7946c7bb0e9f7bb198eeeebf4ec.jpg,640,640,133924,13
train,DSC_5897_JPG_jpg.rf.14646f0feb8c9b0bf232ffcd3849c118.jpg,640,640,97503,13
train,DSC_5897_JPG_jpg.rf.26c1b35d7accb3afdb714e9eb864d3df.jpg,640,640,143103,13
train,DSC_5897_JPG_jpg.rf.449294ec928747638e9ef53620824de1.jpg,640,640,133980,13
train,DSC_5897_JPG_jpg.rf.98946aab11931d5b4693e8f1e8bb44b3.jpg,640,640,118976,13
train,DSC_5897_JPG_jpg.rf.af040b7ea7ab7082746fd4bd54a1b331.jpg,640,640,168132,13
train,DSC_5897_JPG_jpg.rf.c8858d9570716fa0b8a1d440d2e1980f.jpg,640,640,163856,13
train,DSC_5897_JPG_jpg.rf.ea65b7854ff1e06f3f246e21bd7e5933.jpg,640,640,163407,13
train,DSC_5898_JPG_jpg.rf.0ca07d40319e16cf48b4de4d3bc53894.jpg,640,640,117888,11
train,DSC_5898_JPG_jpg.rf.0d85840467103062863892d452ff23f1.jpg,640,640,165345,11
train,DSC_5898_JPG_jpg.rf.3b2490c6896d894ec8830709578bca2e.jpg,640,640,121024,11
train,DSC_5898_JPG_jpg.rf.43ed401d06244deeaf3fb17c7fab7d2b.jpg,640,640,55878,11
train,DSC_5898_JPG_jpg.rf.57c640306e76247688880c4a5c28ed82.jpg,640,640,140382,11
train,DSC_5898_JPG_jpg.rf.9cd91de2aac8c4f5de9af08abe57ed47.jpg,640,640,150829,11
train,DSC_5898_JPG_jpg.rf.c16dc8936c800b036d8f2b3bcbf4f884.jpg,640,640,74712,11
train,DSC_5898_JPG_jpg.rf.d340815aaebbd81d2b343e39ffce8537.jpg,640,640,112018,11
train,DSC_5899_JPG_jpg.rf.0ba3215107ea2091ab14785f027695d0.jpg,640,640,112316,10
train,DSC_5899_JPG_jpg.rf.1111a00194f6e39eee3cfd1894e8fdde.jpg,640,640,160064,10
train,DSC_5899_JPG_jpg.rf.121fcb89d6d7be6a816ff9acbb2e4022.jpg,640,640,164781,10
train,DSC_5899_JPG_jpg.rf.1a8afcb9dff8cdd41e12e7848f9ef84c.jpg,640,640,165495,10
train,DSC_5899_JPG_jpg.rf.1f1e95fc63d01992afcbad9519873847.jpg,640,640,110131,10
train,DSC_5899_JPG_jpg.rf.6d72591e7e32a67dce260afdc40cd8e7.jpg,640,640,167681,10
train,DSC_5899_JPG_jpg.rf.eb1598899b0512b875408cb074616864.jpg,640,640,171990,10
train,DSC_5899_JPG_jpg.rf.f2605bbdd4a9b59b0945c0fb97cf1eb7.jpg,640,640,168897,10
train,DSC_5900_JPG_jpg.rf.198b4f409439286e7d46b357e8115a62.jpg,640,640,118207,8
train,DSC_5900_JPG_jpg.rf.4d0ef9d251397777b9d4d660d2f2d66b.jpg,640,640,110783,8
train,DSC_5900_JPG_jpg.rf.894940a48a5ea97f3ed849c9da38075b.jpg,640,640,134286,8
train,DSC_5900_JPG_jpg.rf.9e47ce941293c8c7cd72272a02864de7.jpg,640,640,138232,8
train,DSC_5900_JPG_jpg.rf.b3aabbd5f475bdd968762c756f05da2f.jpg,640,640,33866,8
train,DSC_5900_JPG_jpg.rf.c6721d8eda42e8d5bb4f910e79f41032.jpg,640,640,109383,8
train,DSC_5900_JPG_jpg.rf.e359622f9539869ecba849da2a0dcb62.jpg,640,640,55782,8
train,DSC_5900_JPG_jpg.rf.f92bda4d8f42159bcfa1a3a7f886f334.jpg,640,640,140390,8
train,DSC_5901_JPG_jpg.rf.3945c07f7d34621dde4fb92e662c6596.jpg,640,640,74090,9
train,DSC_5901_JPG_jpg.rf.39535e9bf00bf9815a793efa1973cfaa.jpg,640,640,34332,9
train,DSC_5901_JPG_jpg.rf.3c9268084fcb6d2306a319f806942c4a.jpg,640,640,173378,9
train,DSC_5901_JPG_jpg.rf.5cbcfb3e39e4e9d83782a925b9c3c2f7.jpg,640,640,169846,9
train,DSC_5901_JPG_jpg.rf.8131eb61db3b2c9d21b25a86dfbe4244.jpg,640,640,109984,9
train,DSC_5901_JPG_jpg.rf.adb5df4fe92039224bdfa9640ab221a5.jpg,640,640,149941,9
train,DSC_5901_JPG_jpg.rf.ba71e33aa5aa1e938ad1becd3a861e20.jpg,640,640,159020,9
train,DSC_5901_JPG_jpg.rf.e962bc1978a0972753b370d7e6ce2007.jpg,640,640,159390,9
train,DSC_5902_JPG_jpg.rf.1ccd2c8d4dd4ba2eeb5afc295f8239a6.jpg,640,640,168806,10
train,DSC_5902_JPG_jpg.rf.3c79609232ad72db1508d19002b3c6a4.jpg,640,640,159274,10
train,DSC_5902_JPG_jpg.rf.418ac18f33ad646bf64399aba91ebd7b.jpg,640,640,110074,10
train,DSC_5902_JPG_jpg.rf.4bdeaf21a0c6cef6bcfd2143ddd8833d.jpg,640,640,36878,10
train,DSC_5902_JPG_jpg.rf.9209f8dbc95cc2537a02fc033f7b98ce.jpg,640,640,128097,10
train,DSC_5902_JPG_jpg.rf.95aab8956e8c3c9ff11f6390908e1104.jpg,640,640,171500,10
train,DSC_5902_JPG_jpg.rf.b3c19537059713b1c6f73add9cfc1376.jpg,640,640,101592,10
train,DSC_5902_JPG_jpg.rf.b52c7378606e84350299e4f926bab81b.jpg,640,640,155434,10
train,DSC_5903_JPG_jpg.rf.146a80d9255f8897f9390a3e2ec4d1b0.jpg,640,640,157181,11
train,DSC_5903_JPG_jpg.rf.1b6a613190c8b60187d7e2efeb6e7cb6.jpg,640,640,87568,11
train,DSC_5903_JPG_jpg.rf.511852f01f1b9fff35fe32632f5a791d.jpg,640,640,133048,11
train,DSC_5903_JPG_jpg.rf.5489b9a07bdea7cce6e00b7f24d1934a.jpg,640,640,87568,11
train,DSC_5903_JPG_jpg.rf.67c3152c0c40dddfb7aed6d9dc23efbd.jpg,640,640,132991,11
train,DSC_5903_JPG_jpg.rf.68115722dac8266d7734253fdb108c0c.jpg,640,640,87317,11
train,DSC_5903_JPG_jpg.rf.8cd0470e3f05b37fab7e8e9ce98733ec.jpg,640,640,101277,11
train,DSC_5903_JPG_jpg.rf.c15986fb64b3aa6ddd93097ab9dad063.jpg,640,640,144458,11
train,DSC_5903_JPG_jpg.rf.f73c1f8448b49664d78c461c6f04d547.jpg,640,640,71762,11
train,DSC_5904_JPG_jpg.rf.02aad24f8f90247da579f5e67ed4f5fc.jpg,640,640,164660,10
train,DSC_5904_JPG_jpg.rf.16b239f5c1a3019a8fe94ae39d424d15.jpg,640,640,89851,10
train,DSC_5904_JPG_jpg.rf.4780a8badff50802ce78cc3faf530794.jpg,640,640,175127,10
train,DSC_5904_JPG_jpg.rf.6747ea72a05208ba82d38e957111ea1b.jpg,640,640,171911,10
train,DSC_5904_JPG_jpg.rf.72d4d9906879741b2351ce2aeffb5893.jpg,640,640,117798,10
train,DSC_5904_JPG_jpg.rf.73a95ce4fa5d19cb8b605c5724899d9d.jpg,640,640,167551,10
train,DSC_5904_JPG_jpg.rf.8f7ac4326394dd74337ea7856d5b85d2.jpg,640,640,100117,10
train,DSC_5904_JPG_jpg.rf.b9b57c83b0ff4cf67562016fa364e54f.jpg,640,640,132271,10
train,DSC_5905_JPG_jpg.rf.227ddfef9900fe98d52ccbabb1d66e97.jpg,640,640,156659,9
train,DSC_5905_JPG_jpg.rf.375425356bbb4f4dba2f8fdcd4b432c9.jpg,640,640,176349,9
train,DSC_5905_JPG_jpg.rf.82b2ef43a3d68c4271883d02817a65be.jpg,640,640,118773,9
train,DSC_5905_JPG_jpg.rf.8622531bb3440f1268f173809b1e2ad4.jpg,640,640,34083,9
train,DSC_5905_JPG_jpg.rf.97af07ff28d0cce290ae9a90833d2ad4.jpg,640,640,156659,9
train,DSC_5905_JPG_jpg.rf.a90a28de59cf1fa2a7dc2339d7847df1.jpg,640,640,120993,9
train,DSC_5905_JPG_jpg.rf.abefd1e4bb7907c11c6217d6afe46613.jpg,640,640,34386,9
train,DSC_5905_JPG_jpg.rf.bcf305f02542435b98b247bd32071fd4.jpg,640,640,163221,9
train,DSC_5905_JPG_jpg.rf.cadd2fdc8f79f2fa31d32192de0b3585.jpg,640,640,147380,9
train,DSC_5906_JPG_jpg.rf.2921d52600d70f6a47e30b658be2eae8.jpg,640,640,88671,9
train,DSC_5906_JPG_jpg.rf.410e8e2ea21eb62d5abaca83adfe423b.jpg,640,640,153008,9
train,DSC_5906_JPG_jpg.rf.5254dcf7f992816242003763af2069a5.jpg,640,640,175094,9
train,DSC_5906_JPG_jpg.rf.63326b34dce2adf6d2c13fbc9f6de69e.jpg,640,640,35670,9
train,DSC_5906_JPG_jpg.rf.b11daa6fd5b5c8dc52b8b96bd403bf34.jpg,640,640,163791,9
train,DSC_5906_JPG_jpg.rf.d1cfe9653221229e39b37855f87a6f10.jpg,640,640,169970,9
train,DSC_5906_JPG_jpg.rf.d7edcaba34d3662591276b443fb3e158.jpg,640,640,52379,9
train,DSC_5906_JPG_jpg.rf.f50647cbf6344556262a5d8de51f8872.jpg,640,640,166932,9
train,DSC_5907_JPG_jpg.rf.0e692f09280de49c2b12aa41f16d61ae.jpg,640,640,169777,10
train,DSC_5907_JPG_jpg.rf.163b70bf6a044dd2d5dcccd6d73dfe52.jpg,640,640,54902,10
train,DSC_5907_JPG_jpg.rf.302e788293b98822a9c38106c16320b6.jpg,640,640,52771,10
train,DSC_5907_JPG_jpg.rf.3d05ea5cd592bcece0149d0832043edd.jpg,640,640,72124,10
train,DSC_5907_JPG_jpg.rf.4583dd7513e8fb0c98eacc1468bcedb2.jpg,640,640,155259,10
train,DSC_5907_JPG_jpg.rf.5e863e8e0e9e77be398e04930bde01ca.jpg,640,640,166893,10
train,DSC_5907_JPG_jpg.rf.62fa103585e6ae6ffb7eb84dd8f18c4e.jpg,640,640,162144,10
train,DSC_5907_JPG_jpg.rf.aabf3683b2280df46fbc010a898b4e06.jpg,640,640,162144,10
train,DSC_5907_JPG_jpg.rf.c01acae4d30b9c290b94bc3dd995bdea.jpg,640,640,86446,10
train,DSC_5908_JPG_jpg.rf.238f64e9a9ffd4b279242138e6b0aa51.jpg,640,640,72680,11
train,DSC_5908_JPG_jpg.rf.3adc28ff7f58cb5ea859c7f17249c81f.jpg,640,640,161013,11
train,DSC_5908_JPG_jpg.rf.66ac8b4af3c2c5b7b8537e6d28f8919c.jpg,640,640,148023,11
train,DSC_5908_JPG_jpg.rf.6c06343dd63de12515b303f17d8c6530.jpg,640,640,88688,11
train,DSC_5908_JPG_jpg.rf.a7c72e1a6bfcdffe540fe1ea89ae9977.jpg,640,640,139701,11
train,DSC_5908_JPG_jpg.rf.ba515a25bb9e22bea59deaffadcdafdd.jpg,640,640,167543,11
train,DSC_5908_JPG_jpg.rf.f9e9da2c43c876be5612f14ffa8adb6a.jpg,640,640,57246,11
train,DSC_5909_JPG_jpg.rf.188194e56c7d5a3d2f11bcd8e6eca7e4.jpg,640,640,119326,11
train,DSC_5909_JPG_jpg.rf.2895d3890510496e32ae711c625a740a.jpg,640,640,100232,11
train,DSC_5909_JPG_jpg.rf.31db6daa065529a7ae0f49e16ede7831.jpg,640,640,133152,11
train,DSC_5909_JPG_jpg.rf.3f5ff72454e57aca5b028cc21b3c24b2.jpg,640,640,32584,11
train,DSC_5909_JPG_jpg.rf.51812719cb36817ecaea6e6dcc94edb2.jpg,640,640,163241,11
train,DSC_5909_JPG_jpg.rf.aa73e2dafdf76d5f3216594678a503fe.jpg,640,640,168554,11
train,DSC_5909_JPG_jpg.rf.c2977a7551104dff8e380a8e8510a6be.jpg,640,640,34511,11
train,DSC_5909_JPG_jpg.rf.d80eab5afc1674784e4621df0021353c.jpg,640,640,127278,11
train,DSC_5910_JPG_jpg.rf.20e846d71dbd3aeb12971284c84c73c5.jpg,640,640,56625,11
train,DSC_5910_JPG_jpg.rf.36079fc69e27c94e31a89425e07d4515.jpg,640,640,168254,11
train,DSC_5910_JPG_jpg.rf.634e8a6eeebad006c83fe946b071bdcb.jpg,640,640,156420,11
train,DSC_5910_JPG_jpg.rf.a6cc9f03f9af21e2d945092e3e49d0fe.jpg,640,640,164805,11
train,DSC_5910_JPG_jpg.rf.b5942dc338456b81d7b64af2b4c6d5ce.jpg,640,640,145953,11
train,DSC_5910_JPG_jpg.rf.ba8dda085d9e0f077a8762af636280ab.jpg,640,640,97916,11
train,DSC_5910_JPG_jpg.rf.f50156960a376ded19aac933c97d260b.jpg,640,640,164719,11
train,DSC_5910_JPG_jpg.rf.fa49609a3ee73826d0c26c29022f5cb0.jpg,640,640,157280,11
train,DSC_5911_JPG_jpg.rf.04e5d284d01c4e51b40c6cff0cffd938.jpg,640,640,99429,11
train,DSC_5911_JPG_jpg.rf.43cba0b762e1abe0464291eff3f7974a.jpg,640,640,171687,11
train,DSC_5911_JPG_jpg.rf.8f595bcd265e5f47a6b64f709e6b69f2.jpg,640,640,164995,11
train,DSC_5911_JPG_jpg.rf.93084e1a8161385d7d4e932f080caa7b.jpg,640,640,119918,11
train,DSC_5911_JPG_jpg.rf.a9fe59e04c3505fce24d49adf7ad1cb5.jpg,640,640,169876,11
train,DSC_5911_JPG_jpg.rf.aa06337dd737a664408140a63d13262d.jpg,640,640,146230,11
train,DSC_5911_JPG_jpg.rf.bdc183148f66abc3263b90249155fe2f.jpg,640,640,98881,11
train,DSC_5911_JPG_jpg.rf.e343d3d270257b1e07c115f5be15d000.jpg,640,640,138391,11
train,DSC_5912_JPG_jpg.rf.04b57782f22eb790c76f4fba61b79bb2.jpg,640,640,146792,14
train,DSC_5912_JPG_jpg.rf.07aee3bebfd221acba3c79a2227f2bcb.jpg,640,640,148883,14
train,DSC_5912_JPG_jpg.rf.0fc982850d2390795d24583552b781e9.jpg,640,640,69603,14
train,DSC_5912_JPG_jpg.rf.24014d73815cc8f23992bc3ddde31286.jpg,640,640,174948,14
train,DSC_5912_JPG_jpg.rf.45c67d18150b321c1834e3782cd10ee2.jpg,640,640,98411,14
train,DSC_5912_JPG_jpg.rf.e23d14cedff0347f7497850fe79507af.jpg,640,640,174074,14
train,DSC_5912_JPG_jpg.rf.e4bd5b9463810dd2e0bcf94241d71bd4.jpg,640,640,162746,14
train,DSC_5912_JPG_jpg.rf.f577b378c28c9709ebe8c599d55d59ee.jpg,640,640,171118,14
train,DSC_5913_JPG_jpg.rf.21195359da23bb98cacf334a6d682a38.jpg,640,640,53429,12
train,DSC_5913_JPG_jpg.rf.435a8ce012757165a09b8b6d448c96af.jpg,640,640,147913,12
train,DSC_5913_JPG_jpg.rf.9045ef6b89391f573f03b6d86fd1e826.jpg,640,640,168048,12
train,DSC_5913_JPG_jpg.rf.a2ee9d31536ecafa665703a3e3edffd4.jpg,640,640,149280,12
train,DSC_5913_JPG_jpg.rf.b17f6a2cf89e7d97aa3fd85460c7320c.jpg,640,640,56984,12
train,DSC_5913_JPG_jpg.rf.cb1558b4eeb6f1394ddc532d67a830be.jpg,640,640,54743,12
train,DSC_5913_JPG_jpg.rf.dbb05a1a3685e65322a1774da030c152.jpg,640,640,73149,12
train,DSC_5913_JPG_jpg.rf.fb8f7be30c9804cc818f908e84befd2a.jpg,640,640,166597,12
train,DSC_5914_JPG_jpg.rf.171fd19060c20f38dae5c0abb17b2947.jpg,640,640,143201,12
train,DSC_5914_JPG_jpg.rf.2ce6eb751bcdb11059f2b48d182699ba.jpg,640,640,171630,12
train,DSC_5914_JPG_jpg.rf.418e7ed5797a9dafc41f1d0bf67afd30.jpg,640,640,56177,12
train,DSC_5914_JPG_jpg.rf.6a4539e5901bce4c1087f6ba66445a0f.jpg,640,640,141048,12
train,DSC_5914_JPG_jpg.rf.8ca8ab413749d42fc8c67d6142c3d42f.jpg,640,640,170631,12
train,DSC_5914_JPG_jpg.rf.8e4476fe343e591f9b70fa2d26349470.jpg,640,640,99880,12
train,DSC_5914_JPG_jpg.rf.b91caed5c37da558de79c66dbd0e1781.jpg,640,640,158912,12
train,DSC_5914_JPG_jpg.rf.bb0d91a6e66965e31252c92f8101a674.jpg,640,640,118486,12
train,DSC_5915_JPG_jpg.rf.25bdff62c18e42a39e86f2ce6955492f.jpg,640,640,150875,11
train,DSC_5915_JPG_jpg.rf.40fcad85717b7dcb5bcb1cd9bb0051bd.jpg,640,640,107769,11
train,DSC_5915_JPG_jpg.rf.420f8e0015fa3dcf28d5109cec1b8e9b.jpg,640,640,34806,11
train,DSC_5915_JPG_jpg.rf.5002483426d62a44fd8cc04248910117.jpg,640,640,73461,11
train,DSC_5915_JPG_jpg.rf.59569bdec734d8b607e2e8ba03ff599d.jpg,640,640,55305,11
train,DSC_5915_JPG_jpg.rf.f1e3a4d077cde77d2e27830204b43ccc.jpg,640,640,89239,11
train,DSC_5915_JPG_jpg.rf.f52236dbfa1e1e1fb8f89d03fdd2fcb9.jpg,640,640,119464,11
train,DSC_5915_JPG_jpg.rf.f939935486c8606f3f88f055341840c4.jpg,640,640,165805,11
train,DSC_5916_JPG_jpg.rf.0d52a6f5555d0cbaad4a7e5d2c3799a3.jpg,640,640,111764,11
train,DSC_5916_JPG_jpg.rf.0e89869b79fdde7e5fcd2dea3fba2cd5.jpg,640,640,139372,11
train,DSC_5916_JPG_jpg.rf.19d9627be1e4bb1073318da288ab7de0.jpg,640,640,149489,11
train,DSC_5916_JPG_jpg.rf.261572f1b8a132c23c9dd7d714d893a6.jpg,640,640,175061,11
train,DSC_5916_JPG_jpg.rf.27d909b2af43dd29af526af7d1e1d8a1.jpg,640,640,144374,11
train,DSC_5916_JPG_jpg.rf.388d6c986f36153e3cfbcf3f49e299dc.jpg,640,640,149489,11
train,DSC_5916_JPG_jpg.rf.9df234d64bdc23598ffdb60bb3302457.jpg,640,640,133344,11
train,DSC_5916_JPG_jpg.rf.e40dd5fa3a22a84988618f863c3e173f.jpg,640,640,133561,11
train,DSC_5916_JPG_jpg.rf.f7f3b555cb9b2bd95be4ca097fe273a8.jpg,640,640,148763,11
train,DSC_5917_JPG_jpg.rf.17ce5dae5ac91349aec45d8150e6102c.jpg,640,640,144367,12
train,DSC_5917_JPG_jpg.rf.483c0e8e273d8c66ecbc56cb3c8bb0fb.jpg,640,640,87595,12
train,DSC_5917_JPG_jpg.rf.53724864832f523a6389cc8802e6d7db.jpg,640,640,144262,12
train,DSC_5917_JPG_jpg.rf.537924ad5b86f70bd23ceff0dc823887.jpg,640,640,36536,12
train,DSC_5917_JPG_jpg.rf.543e0cfba49a45c4b0ed454a1c26d31f.jpg,640,640,88689,12
train,DSC_5917_JPG_jpg.rf.9e8c0a4b5fd64c14cf940f3b1ca3fee1.jpg,640,640,142916,12
train,DSC_5917_JPG_jpg.rf.f6fd43dccdf8e89393e79771949ccfaf.jpg,640,640,108328,12
train,DSC_5917_JPG_jpg.rf.fa90bcf640fb8f8398f9a901d51c177c.jpg,640,640,87916,12
train,DSC_5919_JPG_jpg.rf.1348c518d6856adc9a2b9c8d3dbcb485.jpg,640,640,110650,10
train,DSC_5919_JPG_jpg.rf.4ac012ae72d5ffef4862ed7cfdb34e1e.jpg,640,640,170509,10
train,DSC_5919_JPG_jpg.rf.67a46777aa7627c2009571b6e9b59288.jpg,640,640,88630,10
train,DSC_5919_JPG_jpg.rf.69b4cb77835d30578c4196887bc2e92c.jpg,640,640,159496,10
train,DSC_5919_JPG_jpg.rf.97dcad4fb72845929bf215fd3eb7a029.jpg,640,640,72278,10
train,DSC_5919_JPG_jpg.rf.a95982ea78c632b19ba75ed328b63b98.jpg,640,640,172446,10
train,DSC_5919_JPG_jpg.rf.cb690b32e40d25a28ab8d8974510940a.jpg,640,640,138141,10
train,DSC_5919_JPG_jpg.rf.ee65384388062096b09d30bbfe89d2aa.jpg,640,640,167287,10
train,DSC_5920_JPG_jpg.rf.29c21c90c1dd6daf75eeca3b8056942c.jpg,640,640,172263,12
train,DSC_5920_JPG_jpg.rf.2e4a2f1e1c01c618b73bc043e5b44269.jpg,640,640,158716,12
train,DSC_5920_JPG_jpg.rf.35b3e1a7b3c04b47e6d5f5bf27ad1915.jpg,640,640,157529,12
train,DSC_5920_JPG_jpg.rf.4439ed0322d4669ea0fddbc1f5ea7bb7.jpg,640,640,148846,12
train,DSC_5920_JPG_jpg.rf.91e1e6716b0e09c4e6ebea5aa28ec5db.jpg,640,640,139882,12
train,DSC_5920_JPG_jpg.rf.a8f6632aa23989a27757c673cedde692.jpg,640,640,160894,12
train,DSC_5920_JPG_jpg.rf.b0c0401003321dfe7e83d011c0347536.jpg,640,640,160894,12
train,DSC_5920_JPG_jpg.rf.b897502df8d0d29b142c0c0831d363e8.jpg,640,640,171197,12
train,DSC_5920_JPG_jpg.rf.d5f35d7570ee497d34892495f481a094.jpg,640,640,160765,12
train,DSC_5921_JPG_jpg.rf.02f9d730b8a39f490350c4cd924d4c22.jpg,640,640,147501,11
train,DSC_5921_JPG_jpg.rf.326206189c9daf69ea4361636738177c.jpg,640,640,98860,11
train,DSC_5921_JPG_jpg.rf.376b3ead0da56227cf8a6252ac8a5fac.jpg,640,640,156694,11
train,DSC_5921_JPG_jpg.rf.427c726048a8b8042c07ec5fe8790995.jpg,640,640,54935,11
train,DSC_5921_JPG_jpg.rf.5ee74a520909a1ef052220ba7c8aadaf.jpg,640,640,159102,11
train,DSC_5921_JPG_jpg.rf.e43d31affb51d7051b10a3b89bbd877d.jpg,640,640,126388,11
train,DSC_5921_JPG_jpg.rf.f216de9ba3f1891febb792463ffd2d4b.jpg,640,640,152712,11
train,DSC_5921_JPG_jpg.rf.f58b5c11112b451c83b5a29e78027d95.jpg,640,640,111045,11
train,DSC_5922_JPG_jpg.rf.0223a83285de5152bf7e0d3253106bd4.jpg,640,640,100456,10
train,DSC_5922_JPG_jpg.rf.6d5036d1a45d6f1ca0b3dcafce9273ab.jpg,640,640,153290,10
train,DSC_5922_JPG_jpg.rf.730242ae00630082ad4683ea05d1b85f.jpg,640,640,120794,10
train,DSC_5922_JPG_jpg.rf.9631a7a9fcf3c7cf24c09e7db3c8f258.jpg,640,640,154488,10
train,DSC_5922_JPG_jpg.rf.ba01d4827d0ec27028ef54f94a769d76.jpg,640,640,73246,10
train,DSC_5922_JPG_jpg.rf.eb7682b890574830c937094909116281.jpg,640,640,132809,10
train,DSC_5922_JPG_jpg.rf.ebe767dcd6c8a0e2cdd9251088994c40.jpg,640,640,140855,10
train,DSC_5922_JPG_jpg.rf.f83fe4b5cd7647672f2a55501036b5ea.jpg,640,640,174613,10
train,DSC_5923_JPG_jpg.rf.025dbc3f8846a9eddb3f416e424ebc56.jpg,640,640,148558,11
train,DSC_5923_JPG_jpg.rf.338cd80d324406156e586c9d1037bc39.jpg,640,640,118678,11
train,DSC_5923_JPG_jpg.rf.39764fcdce86f438494bb5673478b889.jpg,640,640,74504,11
train,DSC_5923_JPG_jpg.rf.5782b62f75fb57538459cc43b44e0701.jpg,640,640,176028,11
train,DSC_5923_JPG_jpg.rf.679f7de09544c4374b5babf6f4f9279a.jpg,640,640,143212,11
train,DSC_5923_JPG_jpg.rf.6f81157acd4a8dda13d9bf5fba0edd07.jpg,640,640,153147,11
train,DSC_5923_JPG_jpg.rf.7c058ca54fd5ba8113e25a94280a88fa.jpg,640,640,153147,11
train,DSC_5923_JPG_jpg.rf.dd944e2b6ff4091b0b1716439d1981e9.jpg,640,640,108609,11
train,DSC_5923_JPG_jpg.rf.dfc1da699e5985ec0a7aaae8b4e39398.jpg,640,640,154392,11
train,DSC_5924_JPG_jpg.rf.1454ff7fb400ab1df7cb3980a181d3d8.jpg,640,640,111532,10
train,DSC_5924_JPG_jpg.rf.44c4d0bab6bf7d9d8a8d1b721417e912.jpg,640,640,163243,10
train,DSC_5924_JPG_jpg.rf.59cdcb9f7646a6283e2c77b6f6f3a16e.jpg,640,640,88144,10
train,DSC_5924_JPG_jpg.rf.5cffe8f9fd54e4e741c0873a958a0d0d.jpg,640,640,169009,10
train,DSC_5924_JPG_jpg.rf.8057c1c6f9540a522f56b86df8519f6c.jpg,640,640,89405,10
train,DSC_5924_JPG_jpg.rf.c009cbc613f4895c2504b54c07ca54e2.jpg,640,640,133529,10
train,DSC_5924_JPG_jpg.rf.d23bb08c3ca27b98c1eba23273097206.jpg,640,640,170620,10
train,DSC_5924_JPG_jpg.rf.d704099b3894240a298eee3636bb706a.jpg,640,640,164039,10
train,DSC_5925_JPG_jpg.rf.35a5d8bf647a37a8763ad906961adfa7.jpg,640,640,171511,11
train,DSC_5925_JPG_jpg.rf.40a3f1cac776713a4c47ccf94dacc977.jpg,640,640,144694,11
train,DSC_5925_JPG_jpg.rf.52c605d18fb4fe1ab3e7a04be32cf305.jpg,640,640,164427,11
train,DSC_5925_JPG_jpg.rf.8fc00bdd65304e5cfe42bae27cb402ba.jpg,640,640,144166,11
train,DSC_5925_JPG_jpg.rf.967ced7ea3794eaa9f27c888422d22fb.jpg,640,640,162341,11
train,DSC_5925_JPG_jpg.rf.eaa71a6eb18d3feacaf414775c2a9e73.jpg,640,640,87429,11
train,DSC_5925_JPG_jpg.rf.ec6905da69a54558ecfc819bf4eb34fe.jpg,640,640,139697,11
train,DSC_5925_JPG_jpg.rf.fa751b59064f014a8358a304c7c9ed5b.jpg,640,640,173320,11
train,DSC_5926_JPG_jpg.rf.06a977b37645336b603c8ec858d27b0b.jpg,640,640,133352,12
train,DSC_5926_JPG_jpg.rf.3286be0f6609540e9e90c31659f21dad.jpg,640,640,139853,12
train,DSC_5926_JPG_jpg.rf.433d2592908f6de19561540f86ef0f56.jpg,640,640,164783,12
train,DSC_5926_JPG_jpg.rf.879caf0f81a1d84b7f02e9da111a8b2d.jpg,640,640,158499,12
train,DSC_5926_JPG_jpg.rf.98b77c55ac823f93b9bf2f69b8d00b1a.jpg,640,640,127042,12
train,DSC_5926_JPG_jpg.rf.be9ae4e2066560905a795abcbdc0abf1.jpg,640,640,152365,12
train,DSC_5926_JPG_jpg.rf.c582a0ac7bfccf7024e870af5bbd9692.jpg,640,640,170178,12
train,DSC_5926_JPG_jpg.rf.ce06756b229172b3874d227365a4fab4.jpg,640,640,148759,12
train,DSC_5926_JPG_jpg.rf.e08a20fc2fbfa56b2c95f2c68065051f.jpg,640,640,133352,12
train,DSC_5927_JPG_jpg.rf.0844b2a36bb7fa99ad19cd6bc807324d.jpg,640,640,88133,13
train,DSC_5927_JPG_jpg.rf.6fbbe0e092464bd7cf4b4dc8cef586ee.jpg,640,640,170197,13
train,DSC_5927_JPG_jpg.rf.73d83870f8268bbf01ba6a7725c15fb2.jpg,640,640,112268,13
train,DSC_5927_JPG_jpg.rf.e8ec44fe55ce45c092b8c09ac6dd4971.jpg,640,640,146150,13
train,DSC_5927_JPG_jpg.rf.f1bfc9293f0dd03937d86bf955e62598.jpg,640,640,128280,13
train,DSC_5927_JPG_jpg.rf.f4d3534f97d5b0bb25696700132e7aa1.jpg,640,640,140783,13
train,DSC_5927_JPG_jpg.rf.fb587cf459bd2a8cfeb50cd263b0c857.jpg,640,640,127931,13
train,DSC_5927_JPG_jpg.rf.ff0ea35fcb7f921d2c40e7e944101ce4.jpg,640,640,57356,13
train,DSC_5928_JPG_jpg.rf.5467cf4379717d4bc2ab78bbbf6b7524.jpg,640,640,112000,14
train,DSC_5928_JPG_jpg.rf.57b8fb17b498cef165989e01033ffdeb.jpg,640,640,173391,14
train,DSC_5928_JPG_jpg.rf.74a16b49c08e37800910d5e849d348e5.jpg,640,640,73235,14
train,DSC_5928_JPG_jpg.rf.9e0bb873ed5c1d06c3247405b3ccf38a.jpg,640,640,175841,14
train,DSC_5928_JPG_jpg.rf.a35e05b60b245b1c00827f89588751e0.jpg,640,640,167612,14
train,DSC_5928_JPG_jpg.rf.a49859433beecddc80a333b9f05526c1.jpg,640,640,57069,14
train,DSC_5928_JPG_jpg.rf.ac956d6414eace056a5b327219cedd21.jpg,640,640,167353,14
train,DSC_5928_JPG_jpg.rf.adeb6b2829e86a2d5d1a66b93fdb8ab3.jpg,640,640,165543,14
train,DSC_5929_JPG_jpg.rf.127a598c769d4ffc20e680f4f0a23da1.jpg,640,640,161451,14
train,DSC_5929_JPG_jpg.rf.3642218f6e44c7cc46e35de05f56b9b5.jpg,640,640,56127,14
train,DSC_5929_JPG_jpg.rf.6c513203dd848845d7ebb1b999b99ec7.jpg,640,640,90745,14
train,DSC_5929_JPG_jpg.rf.6eef55cfd55206d79b84bcb885fddc3b.jpg,640,640,74984,14
train,DSC_5929_JPG_jpg.rf.863e71953eb8b99be926e45dc930dca1.jpg,640,640,128236,14
train,DSC_5929_JPG_jpg.rf.98f3d1044120dee96dd854f888a58117.jpg,640,640,121015,14
train,DSC_5929_JPG_jpg.rf.abbb52394108464e472396f10ba3b35b.jpg,640,640,168943,14
train,DSC_5929_JPG_jpg.rf.c66899492ed14bd618859d57bc6f65b7.jpg,640,640,170971,14
train,DSC_5930_JPG_jpg.rf.0cce360037a9c0a0197c15823858c7dd.jpg,640,640,36108,14
train,DSC_5930_JPG_jpg.rf.29372f8cb887b1e0c573f6fece8f1e2f.jpg,640,640,126707,14
train,DSC_5930_JPG_jpg.rf.2fc366c83c579c3d7eb519dca39fb9fc.jpg,640,640,101447,14
train,DSC_5930_JPG_jpg.rf.6858643fdd994edfe5389096fa09e4ee.jpg,640,640,132841,14
train,DSC_5930_JPG_jpg.rf.6c03f7e7eab48955aa38547f8aa8b1fa.jpg,640,640,134084,14
train,DSC_5930_JPG_jpg.rf.7ac24ec409e5699a761723cc1f47233d.jpg,640,640,134811,14
train,DSC_5930_JPG_jpg.rf.8a1a5f028ee8c219e5d00f215fc641ed.jpg,640,640,164656,14
train,DSC_5930_JPG_jpg.rf.b0650fadadc83f8e029a9ad12959b8fc.jpg,640,640,166095,14
train,DSC_5931_JPG_jpg.rf.0466dd75fb8769053433fec0171ed1b0.jpg,640,640,88912,11
train,DSC_5931_JPG_jpg.rf.0b719d8214b576d6d2f6501bc2288138.jpg,640,640,166617,11
train,DSC_5931_JPG_jpg.rf.1198cd3f7395a599da59f4aeaeebb921.jpg,640,640,88385,11
train,DSC_5931_JPG_jpg.rf.126e70fd5453ab341c0ba11c3bac77a5.jpg,640,640,171756,11
train,DSC_5931_JPG_jpg.rf.142a2d847b3afb9e5437fb302164d23e.jpg,640,640,147654,11
train,DSC_5931_JPG_jpg.rf.381749e283378cdbf617bf6f14b5bc9b.jpg,640,640,167695,11
train,DSC_5931_JPG_jpg.rf.907975a7840e16519da713037c03427c.jpg,640,640,165315,11
train,DSC_5931_JPG_jpg.rf.e5fa4dfefdadfc6b740d5676d0d7eca7.jpg,640,640,71957,11
train,DSC_5932_JPG_jpg.rf.0216f5aa3ccf9ce26bbd31a1e43560b1.jpg,640,640,159098,13
train,DSC_5932_JPG_jpg.rf.2b19412f5345a3846f1cd096034c7456.jpg,640,640,138237,13
train,DSC_5932_JPG_jpg.rf.2ca4c66db0c8ea1d8f4ee9475f3e8be9.jpg,640,640,152114,13
train,DSC_5932_JPG_jpg.rf.5b1c3a794b3718794b8ddf590d465fc8.jpg,640,640,168004,13
train,DSC_5932_JPG_jpg.rf.5cb795477389fe1b941d4ad107531c26.jpg,640,640,158520,13
train,DSC_5932_JPG_jpg.rf.695d07c1cab033ea252e70bf1e8fa28a.jpg,640,640,166957,13
train,DSC_5932_JPG_jpg.rf.d14661ec7ad636cf2d80a6d813c873a0.jpg,640,640,87644,13
train,DSC_5932_JPG_jpg.rf.df28016c25a198dc88b57b9d5653ad7e.jpg,640,640,100986,13
train,DSC_5934_JPG_jpg.rf.247f34b5232cd78748d9e22fe6676868.jpg,640,640,118139,10
train,DSC_5934_JPG_jpg.rf.2bb3d678c96f4e34f42552daf44b6820.jpg,640,640,155492,10
train,DSC_5934_JPG_jpg.rf.71cddad205b9e1e652c8ed5d7a45b66c.jpg,640,640,150793,10
train,DSC_5934_JPG_jpg.rf.adbf32d5bf2b0c147ae3e391942c0f8d.jpg,640,640,118910,10
train,DSC_5934_JPG_jpg.rf.c26cb8ccd290d840e724bc32a41e1009.jpg,640,640,81429,10
train,DSC_5934_JPG_jpg.rf.c2899577c12b34111d87acbce5a82e72.jpg,640,640,170583,10
train,DSC_5934_JPG_jpg.rf.d034ab929186be43242e0dd1b570a5cc.jpg,640,640,86569,10
train,DSC_5934_JPG_jpg.rf.fcbcab36ffad166c0c63ee079e1f13b6.jpg,640,640,166890,10
train,DSC_5935_JPG_jpg.rf.098509dd72c63d7bb299bf5d0ff208bd.jpg,640,640,171973,9
train,DSC_5935_JPG_jpg.rf.5432649f200c04fb848405f6c31febe0.jpg,640,640,86795,9
train,DSC_5935_JPG_jpg.rf.7cc604b9b02a67f0697a822b81304617.jpg,640,640,153022,9
train,DSC_5935_JPG_jpg.rf.a9b1ca228688e86dcae0f37bdae01222.jpg,640,640,132712,9
train,DSC_5935_JPG_jpg.rf.b4645c62269a8497522a3e4d1e4d052b.jpg,640,640,172056,9
train,DSC_5935_JPG_jpg.rf.c290a54db951fcbcce0bf5b91aa2edf4.jpg,640,640,87581,9
train,DSC_5935_JPG_jpg.rf.c594dfda3caca5cd66572a465d97a400.jpg,640,640,111237,9
train,DSC_5935_JPG_jpg.rf.fdb0c94e3acd4393deac179f932f6e25.jpg,640,640,126094,9
train,DSC_5939_JPG_jpg.rf.0a943ba5c58c1393a7db16ba5c2282d0.jpg,640,640,149636,13
train,DSC_5939_JPG_jpg.rf.19824e71e8495676a956800d084189ba.jpg,640,640,173685,13
train,DSC_5939_JPG_jpg.rf.3bf6bed512742859b4901469be97759a.jpg,640,640,159386,13
train,DSC_5939_JPG_jpg.rf.4643011eb4b3d116e7203ffd0b2326fb.jpg,640,640,169450,13
train,DSC_5939_JPG_jpg.rf.4dd117ede57768f4fa5519d12ccdbcc4.jpg,640,640,139108,13
train,DSC_5939_JPG_jpg.rf.a02fe8ff12391712d631e57d87b18c6c.jpg,640,640,173685,13
train,DSC_5939_JPG_jpg.rf.c22ad7c766757bad68dad578ae48830c.jpg,640,640,160340,13
train,DSC_5939_JPG_jpg.rf.d85cba41532eac8e5bbe966952473611.jpg,640,640,153678,13
train,DSC_5939_JPG_jpg.rf.ddd8da0124df0872b34251aea0b6e1f7.jpg,640,640,88921,13
train,DSC_5942_JPG_jpg.rf.5a451ca3ee3aee81c5b57834e72b0f24.jpg,640,640,88849,12
train,DSC_5942_JPG_jpg.rf.81edd6040da5d6a385a753e2652705e9.jpg,640,640,57463,12
train,DSC_5942_JPG_jpg.rf.a3fdb6fb9ca58b48212663797e2f8578.jpg,640,640,57501,12
train,DSC_5942_JPG_jpg.rf.ac523b6d2a92a55c6a6d25953759cbb9.jpg,640,640,121163,12
train,DSC_5942_JPG_jpg.rf.c2be7cef520427e83a15f6f76ac2879b.jpg,640,640,74992,12
train,DSC_5942_JPG_jpg.rf.c42ad54569c27edc7a58c244bec41f70.jpg,640,640,157665,12
train,DSC_5942_JPG_jpg.rf.ed63b331f15c54c953943cd7d3864eed.jpg,640,640,153718,12
train,DSC_5942_JPG_jpg.rf.f335772f194ac3b8bce6a43e904f60f5.jpg,640,640,161651,12
train,DSC_5943_JPG_jpg.rf.307186a738a5e11108defaa2bbcc1536.jpg,640,640,146163,12
train,DSC_5943_JPG_jpg.rf.32a8f82be4532f5c63ab6471979111e9.jpg,640,640,110761,12
train,DSC_5943_JPG_jpg.rf.39a2054da9c5375c19aa383a676d36af.jpg,640,640,153996,12
train,DSC_5943_JPG_jpg.rf.7c976ae38168ae0957ad953e8ba1b526.jpg,640,640,127825,12
train,DSC_5943_JPG_jpg.rf.8c9e4e98f4c67bb87ff4e34307eaaf1b.jpg,640,640,152893,12
train,DSC_5943_JPG_jpg.rf.986be723ba1ac14a6aecd2df36524bcb.jpg,640,640,89787,12
train,DSC_5943_JPG_jpg.rf.d5dcedf5a863e5347b001fc534fbcb21.jpg,640,640,145353,12
train,DSC_5943_JPG_jpg.rf.e313dfdde4f4c694a8ddd4ebf49f682c.jpg,640,640,135023,12
train,DSC_5946_JPG_jpg.rf.0f16abbcaf47264b1388623841cc48da.jpg,640,640,126309,12
train,DSC_5946_JPG_jpg.rf.5d51432fb1e9a46f85cdb4cf595d0c1d.jpg,640,640,89069,12
train,DSC_5946_JPG_jpg.rf.623999df06b9ff8122b2763b76779988.jpg,640,640,102024,12
train,DSC_5946_JPG_jpg.rf.9061426fb893e852b21c545b4d93c9ed.jpg,640,640,53447,12
train,DSC_5946_JPG_jpg.rf.a6d612ce630a4e7fca13506df20b5b61.jpg,640,640,111662,12
train,DSC_5946_JPG_jpg.rf.b2e713387ddc33f4c709013d1c330fdb.jpg,640,640,88006,12
train,DSC_5946_JPG_jpg.rf.e4c03c80db6c7a3fc4b070b9f3caad67.jpg,640,640,146545,12
train,DSC_5946_JPG_jpg.rf.e58b5556b7d915226f5964199766bf57.jpg,640,640,126309,12
train,DSC_5946_JPG_jpg.rf.e70968eb00db2ffd744c1eb769321af5.jpg,640,640,111254,12
train,DSC_5947_JPG_jpg.rf.2dc83df1321652525164af8e78626417.jpg,640,640,156769,12
train,DSC_5947_JPG_jpg.rf.3a8f31881be57ec46adfff9fcb8ce58b.jpg,640,640,171266,12
train,DSC_5947_JPG_jpg.rf.59995cb3679a51f6f2eb9175e64bb1b1.jpg,640,640,168972,12
train,DSC_5947_JPG_jpg.rf.6ebb381731ee6f15bca6d03adb59af37.jpg,640,640,88297,12
train,DSC_5947_JPG_jpg.rf.80787514158d0db9f5115c612f9d539e.jpg,640,640,56270,12
train,DSC_5947_JPG_jpg.rf.8ec58d5d6cf18775582dca0791cf6aea.jpg,640,640,88964,12
train,DSC_5947_JPG_jpg.rf.bc3d0a939e8210790db01a44e98e55c7.jpg,640,640,88002,12
train,DSC_5947_JPG_jpg.rf.cd537b61234bbf8f68cba91c059e36ac.jpg,640,640,75249,12
train,DSC_5949_JPG_jpg.rf.052ed3968ead974b0bb8f9f1f7174b4c.jpg,640,640,170244,10
train,DSC_5949_JPG_jpg.rf.4ade18406f6cb417a52e4f67c06f88a9.jpg,640,640,156270,10
train,DSC_5949_JPG_jpg.rf.5ede5c613ec384bdf0575c68469b5729.jpg,640,640,154583,10
train,DSC_5949_JPG_jpg.rf.8a3cd0bc6e4e904365d8d795d05eb851.jpg,640,640,111689,10
train,DSC_5949_JPG_jpg.rf.8d58a9a510b5a2c656e459af546447ef.jpg,640,640,88484,10
train,DSC_5949_JPG_jpg.rf.a4f74fbec236ba85c641a4591874d964.jpg,640,640,173723,10
train,DSC_5949_JPG_jpg.rf.bdd06697e335b2ff43a507552615a2f4.jpg,640,640,55683,10
train,DSC_5949_JPG_jpg.rf.c2b87af3d93ceb4355086951213903a4.jpg,640,640,153526,10
train,DSC_5950_JPG_jpg.rf.09921ad525fa13f3adf836365847961f.jpg,640,640,163116,10
train,DSC_5950_JPG_jpg.rf.1b552ec7dfa8675e83b32402e875c148.jpg,640,640,166997,10
train,DSC_5950_JPG_jpg.rf.29969fa5621a8e60df80fcfc4517c0c6.jpg,640,640,73037,10
train,DSC_5950_JPG_jpg.rf.47a70cc855640ac8366e4163a6f24978.jpg,640,640,89547,10
train,DSC_5950_JPG_jpg.rf.587985c3c02737d1f89cc0b8139a7e17.jpg,640,640,53537,10
train,DSC_5950_JPG_jpg.rf.a4110f8bfe2af799da6b89cf03bcfbdb.jpg,640,640,90527,10
train,DSC_5950_JPG_jpg.rf.ab8477237ece9c651d4181a3b229c174.jpg,640,640,166940,10
train,DSC_5950_JPG_jpg.rf.e8a24074668f534391cd0c86bda3e224.jpg,640,640,127530,10
train,DSC_5951_JPG_jpg.rf.16fb1eb80523e67ec6f559c0cdebd3d3.jpg,640,640,166196,11
train,DSC_5951_JPG_jpg.rf.4476301ada9cc7d5f8e422d7a34dd29d.jpg,640,640,158706,11
train,DSC_5951_JPG_jpg.rf.4afb6fb4a741ecbf10707da8cda00128.jpg,640,640,109411,11
train,DSC_5951_JPG_jpg.rf.96fd02ddcfebf28dfca777bfa59e0fc3.jpg,640,640,133713,11
train,DSC_5951_JPG_jpg.rf.aeb4300777267a13488609f2c570c40d.jpg,640,640,87787,11
train,DSC_5951_JPG_jpg.rf.c8d4a27103dcf6f2c97b6851a3a703a0.jpg,640,640,121903,11
train,DSC_5951_JPG_jpg.rf.d24c5349aa0a4a79526f443b31020149.jpg,640,640,156382,11
train,DSC_5951_JPG_jpg.rf.dfbfa4061dfd25ba25ccd699272c2899.jpg,640,640,156382,11
train,DSC_5951_JPG_jpg.rf.f32f5e61c9c593529bf847376bc588d1.jpg,640,640,172986,11
train,DSC_5954_JPG_jpg.rf.23882a2a2056a5c2260daa793b967b76.jpg,640,640,145794,11
train,DSC_5954_JPG_jpg.rf.2cf33b462e3396683588999491b459b8.jpg,640,640,163255,11
train,DSC_5954_JPG_jpg.rf.2e62d1ee461bb5828c7965864ad1d929.jpg,640,640,138251,11
train,DSC_5954_JPG_jpg.rf.3a97414495f5be342c0638272aeb4bd0.jpg,640,640,128023,11
train,DSC_5954_JPG_jpg.rf.5e3bb59fde6a6a3fa48e1580e5a10590.jpg,640,640,140720,11
train,DSC_5954_JPG_jpg.rf.81fb6792830bae2d8013e708594cf77e.jpg,640,640,140011,11
train,DSC_5954_JPG_jpg.rf.8346f2c884a03420fd13f4bed68a6c13.jpg,640,640,57075,11
train,DSC_5954_JPG_jpg.rf.ca893771c72aa3159808349d4fabacfa.jpg,640,640,88237,11
train,DSC_5957_JPG_jpg.rf.3e52bfafafe906c819c01246c7388aa2.jpg,640,640,158961,10
train,DSC_5957_JPG_jpg.rf.51bb65a7abdd735c7307b666d2429fa9.jpg,640,640,173646,10
train,DSC_5957_JPG_jpg.rf.5bf25231bd51c3fdbfed14c000e1f3e4.jpg,640,640,75799,10
train,DSC_5957_JPG_jpg.rf.624c199f6345bd8e9ea7b6cce4225d75.jpg,640,640,163699,10
train,DSC_5957_JPG_jpg.rf.9d1b5ac5bc1fee4f25258b3bffde02ce.jpg,640,640,147925,10
train,DSC_5957_JPG_jpg.rf.c8063d398d0d09c2aaae76bef4c1ff85.jpg,640,640,169981,10
train,DSC_5957_JPG_jpg.rf.d8d488c46ef1b3e5dab8661ce49ed80c.jpg,640,640,112810,10
train,DSC_5957_JPG_jpg.rf.e9ef8a7bdfa4d38232b4bb74e95666b1.jpg,640,640,168810,10
train,DSC_5960_JPG_jpg.rf.16f304fd94458d0dd700987619874b3d.jpg,640,640,171315,14
train,DSC_5960_JPG_jpg.rf.1f82b69b880d8b61ef5f39cbf143137b.jpg,640,640,139896,14
train,DSC_5960_JPG_jpg.rf.6ce59e41b17478ab5af2a3d63df874b3.jpg,640,640,165636,14
train,DSC_5960_JPG_jpg.rf.6f5823b4a1cac78973ec73af70e86f97.jpg,640,640,77325,14
train,DSC_5960_JPG_jpg.rf.7bb9d9d01bf181af7af62d62d4c88b74.jpg,640,640,131664,14
train,DSC_5960_JPG_jpg.rf.894753ac7be36f51566c27d6e830a031.jpg,640,640,135736,14
train,DSC_5960_JPG_jpg.rf.8e50a34c8665c7b466e88818743873a7.jpg,640,640,171315,14
train,DSC_5960_JPG_jpg.rf.8fe19d9aed6051d88ec2cabbdf0ba679.jpg,640,640,113369,14
train,DSC_5960_JPG_jpg.rf.f62214627e7e6441bdfb1da3407b4055.jpg,640,640,173966,14
train,DSC_5962_JPG_jpg.rf.0ba11e85a319facf8145a19fbdc26a04.jpg,640,640,169384,13
train,DSC_5962_JPG_jpg.rf.24b0ea3ad7d1d80d3702620729f4a58f.jpg,640,640,58750,13
train,DSC_5962_JPG_jpg.rf.3cb3830252917eaa64687fa3a3eba3ca.jpg,640,640,118991,13
train,DSC_5962_JPG_jpg.rf.3e0ecdd68e50995447cc81195c953f93.jpg,640,640,122981,13
train,DSC_5962_JPG_jpg.rf.5d74dfea780c40766c71800067dd82bc.jpg,640,640,90447,13
train,DSC_5962_JPG_jpg.rf.626e0300b387ea4d032fd08551b13c87.jpg,640,640,162968,13
train,DSC_5962_JPG_jpg.rf.9dea48492df88a0797d3a46879b670c5.jpg,640,640,112440,13
train,DSC_5962_JPG_jpg.rf.e4fc9ed83a29e989dcec94c7f17e6b37.jpg,640,640,163867,13
train,DSC_5963_JPG_jpg.rf.45c3d794c6dc5123a9f3bbbe2f2d81f7.jpg,640,640,165558,13
train,DSC_5963_JPG_jpg.rf.6c4e13de5d98ea6818b3c241ce366483.jpg,640,640,120070,13
train,DSC_5963_JPG_jpg.rf.6c7fe877f5e9e5fde19a36b497eea425.jpg,640,640,133171,13
train,DSC_5963_JPG_jpg.rf.8300216cfa4c9294271bf62c93afac22.jpg,640,640,151444,13
train,DSC_5963_JPG_jpg.rf.bd532986308276ab0f360f0b1f6591da.jpg,640,640,138332,13
train,DSC_5963_JPG_jpg.rf.f76b1085ba4771a06fa9919fb0001b16.jpg,640,640,119533,13
train,DSC_5963_JPG_jpg.rf.f8a6730ed77034e46972d0eec5d6bb66.jpg,640,640,134471,13
train,DSC_5963_JPG_jpg.rf.fbf43b330fdbae596e7b4da6bc0a1860.jpg,640,640,60011,13
train,DSC_5964_JPG_jpg.rf.616a4764c28b9255115b0a0937ce3b6c.jpg,640,640,129401,13
train,DSC_5964_JPG_jpg.rf.6662980dd9edd81bae87deb007239ec8.jpg,640,640,174289,13
train,DSC_5964_JPG_jpg.rf.a47f8737b1dd644dfc938edb970aa84e.jpg,640,640,167547,13
train,DSC_5964_JPG_jpg.rf.a91a8373fc10a851ff935a156fb0f121.jpg,640,640,120575,13
train,DSC_5964_JPG_jpg.rf.b9202dbab8d91f0cfae03844537de809.jpg,640,640,160424,13
train,DSC_5964_JPG_jpg.rf.c088618967c32607adfbcfd024d1e9d5.jpg,640,640,167274,13
train,DSC_5964_JPG_jpg.rf.ef12bcf2ea11b6e54b2ec0789cb2d4d3.jpg,640,640,161049,13
train,DSC_5964_JPG_jpg.rf.fa128c13b94e7a662c570733728f92b6.jpg,640,640,149451,13
train,DSC_5965_JPG_jpg.rf.040b1a62d3c2c2cea1ccf804665367c7.jpg,640,640,150182,13
train,DSC_5965_JPG_jpg.rf.1ac80280e6cdf0485d2da4418685e7ce.jpg,640,640,156501,13
train,DSC_5965_JPG_jpg.rf.32af0d560294383e7ec5077716d4b04d.jpg,640,640,164175,13
train,DSC_5965_JPG_jpg.rf.a253f9d0115c794662a542430f9ee709.jpg,640,640,134208,13
train,DSC_5965_JPG_jpg.rf.a3654da9d9a3c60f419a0198fc717681.jpg,640,640,165628,13
train,DSC_5965_JPG_jpg.rf.d656fee544face2c9ad1377aeeba206b.jpg,640,640,141658,13
train,DSC_5965_JPG_jpg.rf.f7d091a1be018e5b4dc1688fe48a2fbc.jpg,640,640,144367,13
train,DSC_5965_JPG_jpg.rf.ff9cf058171148a664533bb315954f00.jpg,640,640,154925,13
train,DSC_5967_JPG_jpg.rf.0ec76173b748f7c4b59cf387015431ed.jpg,640,640,122377,11
train,DSC_5967_JPG_jpg.rf.136f348f9f68abdcfd63e375a8e317ff.jpg,640,640,111254,11
train,DSC_5967_JPG_jpg.rf.42346d4b25502811c0a53abdefaf6861.jpg,640,640,161757,11
train,DSC_5967_JPG_jpg.rf.4a7509251a68cb790e9161f4dfebd58c.jpg,640,640,172262,11
train,DSC_5967_JPG_jpg.rf.6b442dc61dc757a49328c18781ff4734.jpg,640,640,156273,11
train,DSC_5967_JPG_jpg.rf.a35fc5f9c1ad9565fd859930a5182ab2.jpg,640,640,170897,11
train,DSC_5967_JPG_jpg.rf.cc30f98d7a925ee2a30e59c5bf68a962.jpg,640,640,150204,11
train,DSC_5967_JPG_jpg.rf.e3f39cc905a055695be7923b52c2a392.jpg,640,640,74311,11
train,DSC_5969_JPG_jpg.rf.314c8962f9bbaf5a0e44db06fb925d02.jpg,640,640,88193,10
train,DSC_5969_JPG_jpg.rf.38a15fc9dfefb5c6fe1efd4c69f19a78.jpg,640,640,168231,10
train,DSC_5969_JPG_jpg.rf.75f34bc4600ef176f85635b6d5a3ce0a.jpg,640,640,75537,10
train,DSC_5969_JPG_jpg.rf.99293f2ca5d56d5ed02d74c27488666d.jpg,640,640,120200,10
train,DSC_5969_JPG_jpg.rf.99be92633a525b145e946d122500da67.jpg,640,640,154682,10
train,DSC_5969_JPG_jpg.rf.bb33c26439e7a3d8482971c2b9b7394c.jpg,640,640,57008,10
train,DSC_5969_JPG_jpg.rf.ca17832725efd5d64cb02e5c4c08f438.jpg,640,640,174920,10
train,DSC_5969_JPG_jpg.rf.eeb6e2ea5032c20784c8dce3f3e9ead0.jpg,640,640,109332,10
train,DSC_5970_JPG_jpg.rf.1b31f13cb36505369a1c8e23ff37e8c6.jpg,640,640,146834,11
train,DSC_5970_JPG_jpg.rf.3632def3ba3761cba431279ceb30153a.jpg,640,640,109207,11
train,DSC_5970_JPG_jpg.rf.3f290b8d65a5e995e4e6bfab1573bd54.jpg,640,640,166793,11
train,DSC_5970_JPG_jpg.rf.43115a0fe314b64a8b0f55e7f10dd093.jpg,640,640,170087,11
train,DSC_5970_JPG_jpg.rf.68e3ce7b1a063ef80e0cc8b09e3d6578.jpg,640,640,125855,11
train,DSC_5970_JPG_jpg.rf.aaf1304fe6a1ec93992824b7afd9ef66.jpg,640,640,162528,11
train,DSC_5970_JPG_jpg.rf.fccb13a4faa91f81872044d2095a39c6.jpg,640,640,74171,11
train,DSC_5970_JPG_jpg.rf.fcd96c8ec25ffe591209d798495f055a.jpg,640,640,158821,11
train,DSC_5971_JPG_jpg.rf.2ffc2dd1c39a7e5c051a914cc5562976.jpg,640,640,156418,12
train,DSC_5971_JPG_jpg.rf.32a1f8f60302b0aa78c0f5b82afa614d.jpg,640,640,132675,12
train,DSC_5971_JPG_jpg.rf.35a7cf166591309973bea489511a86c3.jpg,640,640,144812,12
train,DSC_5971_JPG_jpg.rf.5f7f9b7c70ad4fe10f17dbe711903732.jpg,640,640,138542,12
train,DSC_5971_JPG_jpg.rf.7803476567fb05fcf0039b5e581b18ca.jpg,640,640,138542,12
train,DSC_5971_JPG_jpg.rf.7aa296df70b43c202d134f1672b5697a.jpg,640,640,133804,12
train,DSC_5971_JPG_jpg.rf.91f62e7af173f869e7f5a7b1838e6b2c.jpg,640,640,100394,12
train,DSC_5971_JPG_jpg.rf.b4f0e5e661436ef27e86d48a5508db94.jpg,640,640,160022,12
train,DSC_5971_JPG_jpg.rf.c09624417aa063fe5fa09e39c57da57d.jpg,640,640,153355,12
train,DSC_5972_JPG_jpg.rf.313fef8e0b37101baff422b9e7d987ff.jpg,640,640,134474,12
train,DSC_5972_JPG_jpg.rf.37e7dc27911e7a87fbf7b71075ba11b0.jpg,640,640,55169,12
train,DSC_5972_JPG_jpg.rf.4fb217d1bf0c469b8b2a9f6b22ae911d.jpg,640,640,144490,12
train,DSC_5972_JPG_jpg.rf.d57e851ff18746363d085a82ff4cab31.jpg,640,640,155914,12
train,DSC_5972_JPG_jpg.rf.d8f7f3b9039ac3bf8a6d72ba87da7cd6.jpg,640,640,128952,12
train,DSC_5972_JPG_jpg.rf.e50424a3e7bdcc728dd12668bbcf9989.jpg,640,640,101125,12
train,DSC_5972_JPG_jpg.rf.eaa0c524ff915a9372840da9927307f0.jpg,640,640,160268,12
train,DSC_5972_JPG_jpg.rf.f10bf6f5ee595df897c1ed4f2aed4fb9.jpg,640,640,164621,12
train,DSC_5973_JPG_jpg.rf.0ceef3c09b4ddf517e2193820935dbfb.jpg,640,640,166285,12
train,DSC_5973_JPG_jpg.rf.0f2111c83bc86802a16316b3bf6147ff.jpg,640,640,169824,12
train,DSC_5973_JPG_jpg.rf.387b402fad39f78028e65ff04a3674db.jpg,640,640,164524,12
train,DSC_5973_JPG_jpg.rf.3a794180c2a959f4804a9771b3ceeb53.jpg,640,640,160627,12
train,DSC_5973_JPG_jpg.rf.466c608825d9c3f5f27cd0884aab913f.jpg,640,640,149646,12
train,DSC_5973_JPG_jpg.rf.bb98b068065000d50676b921bda1af93.jpg,640,640,119882,12
train,DSC_5973_JPG_jpg.rf.d83b25e7c03a57eccfdc6ab9d20d47d2.jpg,640,640,89318,12
train,DSC_5973_JPG_jpg.rf.f8e2d381ee764bf740884d2aced79bb0.jpg,640,640,127105,12
train,DSC_5975_JPG_jpg.rf.30939d6f1c938356907c499586adc7b4.jpg,640,640,165127,11
train,DSC_5975_JPG_jpg.rf.367d3aa40c1d81ea54cf79fb2f206308.jpg,640,640,100800,11
train,DSC_5975_JPG_jpg.rf.4371c9f7d95774b974aa64793197070c.jpg,640,640,172965,11
train,DSC_5975_JPG_jpg.rf.645bebf299a43f5984f3afcdcfbe5a4d.jpg,640,640,172253,11
train,DSC_5975_JPG_jpg.rf.7c86a3ccab4747650f5f34ca17486d91.jpg,640,640,140765,11
train,DSC_5975_JPG_jpg.rf.dd8de4212e4adf4c1e56339136bfaff0.jpg,640,640,119534,11
train,DSC_5975_JPG_jpg.rf.ef96efb34b7a89de35c00dff44abb247.jpg,640,640,127767,11
train,DSC_5975_JPG_jpg.rf.f9a25e9f9402e354ec1f7020fbac914d.jpg,640,640,36753,11
train,DSC_5976_JPG_jpg.rf.105b7a2f667a259b5be3c38b6f550184.jpg,640,640,163726,12
train,DSC_5976_JPG_jpg.rf.1d06e9813fd0a82d73dbed867c01e3b9.jpg,640,640,170972,12
train,DSC_5976_JPG_jpg.rf.5cd694926a2dcf98cfee1ab3f68d692c.jpg,640,640,147867,12
train,DSC_5976_JPG_jpg.rf.73a3d1c15cf9e2fef9fdc3c42f50669c.jpg,640,640,135209,12
train,DSC_5976_JPG_jpg.rf.a284ed74fc056852ee387eeb07113bd1.jpg,640,640,170607,12
train,DSC_5976_JPG_jpg.rf.a51b07cda8e9fe3729291e12ce4c3a22.jpg,640,640,163287,12
train,DSC_5976_JPG_jpg.rf.f2fc0269123f47ec526f9fe2f375d16d.jpg,640,640,162176,12
train,DSC_5976_JPG_jpg.rf.fd2f4c9f80ed0c4ec8ba5345512bbd5d.jpg,640,640,118552,12
train,DSC_5977_JPG_jpg.rf.02542634dd8bb1f1c1a10cc21f8905cd.jpg,640,640,72802,12
train,DSC_5977_JPG_jpg.rf.2907cb25558f62f034c66ca85ae9f3d2.jpg,640,640,128942,12
train,DSC_5977_JPG_jpg.rf.3f92544eb27a71e8054fde42771b1c42.jpg,640,640,153619,12
train,DSC_5977_JPG_jpg.rf.46367eda795979e119172ae38000d448.jpg,640,640,87548,12
train,DSC_5977_JPG_jpg.rf.5fad3ffd49c5527618f1c15c07bdf264.jpg,640,640,171376,12
train,DSC_5977_JPG_jpg.rf.6f4ed270403f1a36d14681e092e5e075.jpg,640,640,133598,12
train,DSC_5977_JPG_jpg.rf.9d742b015aac341bc025a44e0a23ec9a.jpg,640,640,171376,12
train,DSC_5977_JPG_jpg.rf.b6ff3cc82c6c8b09a010ee9c9a601b27.jpg,640,640,169401,12
train,DSC_5977_JPG_jpg.rf.de16ee7b024ea586f09f68a2309734b6.jpg,640,640,159780,12
train,DSC_5978_JPG_jpg.rf.0e1dae6c62ebb69cd7b0c3de4a6cb1e4.jpg,640,640,171703,12
train,DSC_5978_JPG_jpg.rf.0ed4861899d40caac9042b2bf2edac7f.jpg,640,640,134507,12
train,DSC_5978_JPG_jpg.rf.193d92d05e2e957dab410a6445d4c087.jpg,640,640,126861,12
train,DSC_5978_JPG_jpg.rf.541a6dbc9d52ac0281b5a575b81b68dc.jpg,640,640,144894,12
train,DSC_5978_JPG_jpg.rf.8f3400324bfe05ebfdc834476b4c9420.jpg,640,640,102821,12
train,DSC_5978_JPG_jpg.rf.a3fa4235a03d247da54f4f6f82463d8d.jpg,640,640,119959,12
train,DSC_5978_JPG_jpg.rf.c16170dc27f16c11e0131a5a024bf3a8.jpg,640,640,126613,12
train,DSC_5978_JPG_jpg.rf.d4ae163640a70231fa04faffc6d92b0e.jpg,640,640,157924,12
train,DSC_5979_JPG_jpg.rf.1bc0350f38eea399b0a81c89ec7844f1.jpg,640,640,152633,13
train,DSC_5979_JPG_jpg.rf.36bc321efd2857ac27ccd3ef6d865c26.jpg,640,640,164546,13
train,DSC_5979_JPG_jpg.rf.a7c761ed211659d5149caeb434191145.jpg,640,640,162690,13
train,DSC_5979_JPG_jpg.rf.b56417a7dc1286fd1851a93eab9d0335.jpg,640,640,146108,13
train,DSC_5979_JPG_jpg.rf.b9a444873b62908129f730683039bf98.jpg,640,640,175391,13
train,DSC_5979_JPG_jpg.rf.cb78b486979927b536fb027fc1d92791.jpg,640,640,57171,13
train,DSC_5979_JPG_jpg.rf.daf252cab30682aec95dcb298f5daa7a.jpg,640,640,161805,13
train,DSC_5979_JPG_jpg.rf.f65af7063b683fe594bd699f9fc9d20f.jpg,640,640,148034,13
train,DSC_5980_JPG_jpg.rf.0686eb614427e550121f34d875ec84fc.jpg,640,640,140053,12
train,DSC_5980_JPG_jpg.rf.10dd621aa834508ceca54696a6d170b5.jpg,640,640,119413,12
train,DSC_5980_JPG_jpg.rf.1fcea0b8b1aa30802193bcc7833bc20d.jpg,640,640,157369,12
train,DSC_5980_JPG_jpg.rf.1fd60a529a33d65b21d3a4ca3dd9f67c.jpg,640,640,162107,12
train,DSC_5980_JPG_jpg.rf.2168173fb6fb3ab9b84356bb9cd471a4.jpg,640,640,157798,12
train,DSC_5980_JPG_jpg.rf.25a08b13f685efc99750519b78cfce07.jpg,640,640,139882,12
train,DSC_5980_JPG_jpg.rf.506c6f6560d23caf64c08ff70303c4e9.jpg,640,640,75205,12
train,DSC_5980_JPG_jpg.rf.598dc243e3a177ef9a06a812e8976f96.jpg,640,640,139882,12
train,DSC_5980_JPG_jpg.rf.841b3a49b3b7902d74e21cc292a4efd5.jpg,640,640,120358,12
train,DSC_5981_JPG_jpg.rf.35998c9d60d4809ca012c3bcf0a424bb.jpg,640,640,158534,12
train,DSC_5981_JPG_jpg.rf.6f0630fac34722316cf1de19680adbbc.jpg,640,640,138979,12
train,DSC_5981_JPG_jpg.rf.731eab1cd8188ab8b214dcbc128f5a96.jpg,640,640,38224,12
train,DSC_5981_JPG_jpg.rf.73444180aae8e050e511c3eb34f2e1ee.jpg,640,640,156686,12
train,DSC_5981_JPG_jpg.rf.a9502ed1510fa9cf647cb02ad46afb82.jpg,640,640,164385,12
train,DSC_5981_JPG_jpg.rf.e07cb77f836ac4ebceab382f1c81abb4.jpg,640,640,33212,12
train,DSC_5981_JPG_jpg.rf.ec78e740d171e6163aef59eae023be7b.jpg,640,640,90920,12
train,DSC_5981_JPG_jpg.rf.fd1ce0b587430506773d101e872e9759.jpg,640,640,100948,12
train,DSC_5982_JPG_jpg.rf.1d941e5c9b5e31aebfd411193f3c7fdf.jpg,640,640,160078,13
train,DSC_5982_JPG_jpg.rf.435e4d28734b3fbba5aebb8201249663.jpg,640,640,56622,13
train,DSC_5982_JPG_jpg.rf.4638db8ca5f5260bb234a641636a2b0f.jpg,640,640,139658,13
train,DSC_5982_JPG_jpg.rf.47aa2ec45a5cb16ed87f4869e0d1cbd6.jpg,640,640,90102,13
train,DSC_5982_JPG_jpg.rf.6570d812f734a51a6271f0115aa380a1.jpg,640,640,119709,13
train,DSC_5982_JPG_jpg.rf.a6174af2ed6c4f1f53213d9e01aa35b8.jpg,640,640,127543,13
train,DSC_5982_JPG_jpg.rf.ac0b36e29637f8bd2c19fcfc5d22a19d.jpg,640,640,139658,13
train,DSC_5982_JPG_jpg.rf.b47a3a079b410b9a85ad6a9bf53c74f1.jpg,640,640,119186,13
train,DSC_5982_JPG_jpg.rf.c781a8966495792bbee97cf63d305250.jpg,640,640,112816,13
train,DSC_5983_JPG_jpg.rf.0094c86c741dd4d9a6d17be27f2c8c41.jpg,640,640,119870,12
train,DSC_5983_JPG_jpg.rf.1b2730b34e2be0526baa3c820623fc9f.jpg,640,640,119602,12
train,DSC_5983_JPG_jpg.rf.394b1d95a341c192edc592cc306e0794.jpg,640,640,170365,12
train,DSC_5983_JPG_jpg.rf.3cd6007f2539bdff6d41d97e50236791.jpg,640,640,148887,12
train,DSC_5983_JPG_jpg.rf.5c19c27736367e634882e6ce80726567.jpg,640,640,173353,12
train,DSC_5983_JPG_jpg.rf.a0f26e8e66fd7c4179cb4b05701b1fb2.jpg,640,640,138698,12
train,DSC_5983_JPG_jpg.rf.b9f72425ee80412431f5ff4f4b99ba0f.jpg,640,640,144242,12
train,DSC_5983_JPG_jpg.rf.f9bfe54c82127f8b9702f70f11d057e3.jpg,640,640,89343,12
train,DSC_5984_JPG_jpg.rf.286c789b1942227912a61ff63d7d82b4.jpg,640,640,152281,12
train,DSC_5984_JPG_jpg.rf.9bd78eefcc6c5a3ce9134659784b4bf9.jpg,640,640,158857,12
train,DSC_5984_JPG_jpg.rf.9eed180f13a5ad50cd189066d25b904c.jpg,640,640,166392,12
train,DSC_5984_JPG_jpg.rf.bcfed73ce16d418beae9eabd4d10f243.jpg,640,640,168791,12
train,DSC_5984_JPG_jpg.rf.c5f7e1616a65581d4910b4428ece1dfa.jpg,640,640,145479,12
train,DSC_5984_JPG_jpg.rf.cf9e7dc5cde0b1a7f43136a32948dd52.jpg,640,640,145479,12
train,DSC_5984_JPG_jpg.rf.d2b390caa7b51c6ffd7835aaa58f1363.jpg,640,640,73691,12
train,DSC_5984_JPG_jpg.rf.d52f302b31027b7bb1b8e13ae5885a47.jpg,640,640,76262,12
train,DSC_5984_JPG_jpg.rf.fb38a8ea02371fd630709e93937e9e9a.jpg,640,640,175156,12
train,DSC_5985_JPG_jpg.rf.0436fdd9e78449f955c92f555ef7b8d8.jpg,640,640,171852,12
train,DSC_5985_JPG_jpg.rf.11e760641a847f070545d412b6366fa9.jpg,640,640,58107,12
train,DSC_5985_JPG_jpg.rf.2cc4570e37ebc409ddc0532c83900f29.jpg,640,640,120483,12
train,DSC_5985_JPG_jpg.rf.43db183c80ec3ebe78c34759e3ebeb0f.jpg,640,640,127738,12
train,DSC_5985_JPG_jpg.rf.55233b68a57553eba7e3557a561acc05.jpg,640,640,166220,12
train,DSC_5985_JPG_jpg.rf.5b1cc06c5f726ce4c47abeed1a7df1d8.jpg,640,640,166220,12
train,DSC_5985_JPG_jpg.rf.817e2b883b57a6790ebd9a18890973cc.jpg,640,640,164618,12
train,DSC_5985_JPG_jpg.rf.8d9021198d521e8bf7fd974467182162.jpg,640,640,163196,12
train,DSC_5985_JPG_jpg.rf.d4af26952aa8bff851fddaf55fc60c3a.jpg,640,640,133893,12
train,DSC_5987_JPG_jpg.rf.30b64c13ba336efc473518f215e81ae4.jpg,640,640,153010,12
train,DSC_5987_JPG_jpg.rf.6fa1eb9063f2455778519451b7dded98.jpg,640,640,156205,12
train,DSC_5987_JPG_jpg.rf.9407a39870bbb93dd968b0b267cbe665.jpg,640,640,133434,12
train,DSC_5987_JPG_jpg.rf.962d18a473875c1949323dd0b879a5e3.jpg,640,640,127873,12
train,DSC_5987_JPG_jpg.rf.ab86fe52a6552bd65d2a84ed17b47c25.jpg,640,640,151943,12
train,DSC_5987_JPG_jpg.rf.b366e5cabc7414faead67e2569bfd189.jpg,640,640,155993,12
train,DSC_5987_JPG_jpg.rf.b4ed2c240da71bc9f1656f1ab0b36835.jpg,640,640,174168,12
train,DSC_5987_JPG_jpg.rf.c21a209e63f12f16e39e434c294b414f.jpg,640,640,57179,12
train,DSC_5989_JPG_jpg.rf.0329bec13d4b4e21e9fcba46653ff74d.jpg,640,640,162788,10
train,DSC_5989_JPG_jpg.rf.45fc05021fd27f915f4efe7b8e6cb142.jpg,640,640,132761,10
train,DSC_5989_JPG_jpg.rf.546528a0b6920d5dc6f7aac76c13cb76.jpg,640,640,156803,10
train,DSC_5989_JPG_jpg.rf.7c4c75b12bc0f9ce9c7c19483d44782e.jpg,640,640,148824,10
train,DSC_5989_JPG_jpg.rf.9dbe4260859df5c38d344ccf5c7c31ad.jpg,640,640,73091,10
train,DSC_5989_JPG_jpg.rf.b205d910c86011a62b5ff11c34f10d58.jpg,640,640,89658,10
train,DSC_5989_JPG_jpg.rf.bcd6aa091c1c40456b98ac38b89aa0f2.jpg,640,640,143890,10
train,DSC_5989_JPG_jpg.rf.f087cf7872e03872d6f5a951bdec81ec.jpg,640,640,137407,10
train,DSC_5990_JPG_jpg.rf.28d3fd54a1cd5564c57822484b1f8a9c.jpg,640,640,100592,9
train,DSC_5990_JPG_jpg.rf.2960a3b0aa0588323702e20b1dae9812.jpg,640,640,152263,9
train,DSC_5990_JPG_jpg.rf.47286b9d70449d0cdd2349df507abafb.jpg,640,640,174796,9
train,DSC_5990_JPG_jpg.rf.5afb78a15ff54a54bb0e3d8ef5aa079a.jpg,640,640,126011,9
train,DSC_5990_JPG_jpg.rf.7ad8a0497a4663c9cdc4b9bfd32160e2.jpg,640,640,110547,9
train,DSC_5990_JPG_jpg.rf.8ae8ca28aa5cda1e8040453755fa3895.jpg,640,640,163563,9
train,DSC_5990_JPG_jpg.rf.b8a952de13d7c1385e4ddd3e2bc1e1eb.jpg,640,640,101483,9
train,DSC_5990_JPG_jpg.rf.dee972488bc3ec977fc6abd7087a4f3b.jpg,640,640,127525,9
train,DSC_5991_JPG_jpg.rf.67d85eb556c893deea37224db67203a5.jpg,640,640,170918,9
train,DSC_5991_JPG_jpg.rf.6a4e76af960adedddafd2ddd89a60713.jpg,640,640,132842,9
train,DSC_5991_JPG_jpg.rf.6eb66601f623854e8b2d816b486d90b5.jpg,640,640,89146,9
train,DSC_5991_JPG_jpg.rf.8183c00eec02be43a92e414ee804e863.jpg,640,640,166200,9
train,DSC_5991_JPG_jpg.rf.89124c65da5b0677f3d5e1addec9f54b.jpg,640,640,169422,9
train,DSC_5991_JPG_jpg.rf.a66e9e7e1c1586237d3c9cdd2715b384.jpg,640,640,152600,9
train,DSC_5991_JPG_jpg.rf.e8a032ec5252468357ec93a7dcc6e768.jpg,640,640,170522,9
train,DSC_5991_JPG_jpg.rf.f54a74f4b906526ea883404c1cf11083.jpg,640,640,167190,9
train,DSC_5992_JPG_jpg.rf.14b4c9f267c7039745187c0d3a496362.jpg,640,640,35230,10
train,DSC_5992_JPG_jpg.rf.182c63d1c55b7ffe815294e707612d97.jpg,640,640,137994,10
train,DSC_5992_JPG_jpg.rf.8ce5994c9fe1a085a2277ed72a26719b.jpg,640,640,173041,10
train,DSC_5992_JPG_jpg.rf.97fde59ba5751c3d690a9ec4ed895986.jpg,640,640,148421,10
train,DSC_5992_JPG_jpg.rf.ad21f888bfd800ac3c7dbffa8f3113cc.jpg,640,640,138746,10
train,DSC_5992_JPG_jpg.rf.b2fcd93bdea2f497a4a038613a717aea.jpg,640,640,143121,10
train,DSC_5992_JPG_jpg.rf.bda52c21be39e7c6d8c5c6f381f51707.jpg,640,640,153112,10
train,DSC_5992_JPG_jpg.rf.ca9b6e5beb268f766afcd35eade667d9.jpg,640,640,148328,10
train,DSC_5997_JPG_jpg.rf.0caf142838db3d915955decec7eac91c.jpg,640,640,102916,10
train,DSC_5997_JPG_jpg.rf.140db1fbbeea84a87aeedcdb71f0037e.jpg,640,640,164732,10
train,DSC_5997_JPG_jpg.rf.432d1af03341250ceedd7312c84751c6.jpg,640,640,72302,10
train,DSC_5997_JPG_jpg.rf.58140b3b55a63960c642a7c45e06d534.jpg,640,640,133039,10
train,DSC_5997_JPG_jpg.rf.5bd0019c52406d97321293c60c066ed9.jpg,640,640,170643,10
train,DSC_5997_JPG_jpg.rf.9c489c80babbd18f2978054ce198df95.jpg,640,640,127331,10
train,DSC_5997_JPG_jpg.rf.c4b26ae25dffbc945c250c998ec941bf.jpg,640,640,35485,10
train,DSC_5997_JPG_jpg.rf.fe6007404a44e20073758dfaa828e046.jpg,640,640,75139,10
train,DSC_5997_JPG_jpg.rf.ff0ef6e0be7856c213aebe393fea8b9e.jpg,640,640,72302,10
train,DSC_5998_JPG_jpg.rf.279b62da6be2945120e87bcb3ce1c1f2.jpg,640,640,169032,10
train,DSC_5998_JPG_jpg.rf.2e9f15a5fab5c5a8a70c52fe6abf20ce.jpg,640,640,169568,10
train,DSC_5998_JPG_jpg.rf.2eb21a94875d96a5fe831b266c5ea48f.jpg,640,640,172640,10
train,DSC_5998_JPG_jpg.rf.81f888e9496144f8525fa0aec6833d35.jpg,640,640,175819,10
train,DSC_5998_JPG_jpg.rf.82a2d99384f8587824362c9b32d69201.jpg,640,640,167698,10
train,DSC_5998_JPG_jpg.rf.bd784d00f108622589b3c1000ccdcc5a.jpg,640,640,149427,10
train,DSC_5998_JPG_jpg.rf.bfd965ce9955807aee1d97a018483fd7.jpg,640,640,166607,10
train,DSC_5998_JPG_jpg.rf.df4dc46b19ea34a9b72407490a715d93.jpg,640,640,109841,10
train,DSC_5999_JPG_jpg.rf.089dcc33f48d54de3fea8906de654129.jpg,640,640,110714,10
train,DSC_5999_JPG_jpg.rf.17e7a3f9d10280d9d985914c7c6d2164.jpg,640,640,155565,10
train,DSC_5999_JPG_jpg.rf.2b64c5cbfe38cbe6d453e989eaa58906.jpg,640,640,155559,10
train,DSC_5999_JPG_jpg.rf.2fd69aca58fa0bd18dde5428d59501c5.jpg,640,640,128366,10
train,DSC_5999_JPG_jpg.rf.5ddbe4e0e4510ffd82d88fa4cbba9da5.jpg,640,640,168255,10
train,DSC_5999_JPG_jpg.rf.7f18a69ef7b802e796e58c6187ec0a42.jpg,640,640,148836,10
train,DSC_5999_JPG_jpg.rf.82f4b8442dd92d19c5ff6d67cb858ada.jpg,640,640,34217,10
train,DSC_5999_JPG_jpg.rf.cc8a75663d89f7ca9a841b7163016ca5.jpg,640,640,168412,10
train,DSC_6000_JPG_jpg.rf.1ff41a1b7dde8afc9a7723155eacb57d.jpg,640,640,139657,8
train,DSC_6000_JPG_jpg.rf.32e6cfc25315d1b4a6700d2ecd30fa0f.jpg,640,640,127199,8
train,DSC_6000_JPG_jpg.rf.5ac032310599f06070252bac7de10de7.jpg,640,640,128357,8
train,DSC_6000_JPG_jpg.rf.865a593682b4c1418933401f70120591.jpg,640,640,127874,8
train,DSC_6000_JPG_jpg.rf.92b99262a2f3b3de0afcae71fb1440b0.jpg,640,640,126289,8
train,DSC_6000_JPG_jpg.rf.afeadaab5d59f4e79e31c37e187de8d1.jpg,640,640,168023,8
train,DSC_6000_JPG_jpg.rf.c4abe9a7b9cb1b171efb0a578fab3802.jpg,640,640,150994,8
train,DSC_6000_JPG_jpg.rf.e5caee888df996b479969c66cbb03f53.jpg,640,640,160360,8
train,DSC_6001_JPG_jpg.rf.0fbdc13823c316d3829e5841d0c4db2d.jpg,640,640,127329,10
train,DSC_6001_JPG_jpg.rf.678a21b6c167768848cb558065db04dc.jpg,640,640,73934,10
train,DSC_6001_JPG_jpg.rf.6bf356804f17c09527774017ea2b49d2.jpg,640,640,73934,10
train,DSC_6001_JPG_jpg.rf.6f301aee589d46ae04abd7ede8d90fe2.jpg,640,640,72510,10
train,DSC_6001_JPG_jpg.rf.7164b1b47e263ceaa97283914546a3c1.jpg,640,640,158872,10
train,DSC_6001_JPG_jpg.rf.8b324d30965dd442224eb19679d6c6c9.jpg,640,640,133959,10
train,DSC_6001_JPG_jpg.rf.aedf2e12f83ef9e9b9e796aee4dffca0.jpg,640,640,149942,10
train,DSC_6001_JPG_jpg.rf.c26acd2576e61507cf7116917d60c859.jpg,640,640,152009,10
train,DSC_6001_JPG_jpg.rf.fc9bb5e59b98d8904eccb61b13385358.jpg,640,640,174104,10
train,DSC_6002_JPG_jpg.rf.00bb2ac66d70e2e06def3af6422fef52.jpg,640,640,127804,12
train,DSC_6002_JPG_jpg.rf.1b9a7c2d89720136a65db4b66d078dc2.jpg,640,640,166421,12
train,DSC_6002_JPG_jpg.rf.459242f1df71dc51129832dc8942f542.jpg,640,640,135915,12
train,DSC_6002_JPG_jpg.rf.5fe60291ce03f1553569e57044bb2253.jpg,640,640,126807,12
train,DSC_6002_JPG_jpg.rf.7ddacd2dc71dab989a97f2123010158e.jpg,640,640,164652,12
train,DSC_6002_JPG_jpg.rf.89acec0a72c3e2601531725d78c34708.jpg,640,640,97813,12
train,DSC_6002_JPG_jpg.rf.c76e3c47c30d2ee6d26a5a99858f846c.jpg,640,640,112964,12
train,DSC_6002_JPG_jpg.rf.e762be5c8e65c636e366f5816ba3b465.jpg,640,640,90019,12
train,DSC_6003_JPG_jpg.rf.0a17a454e812652623af996592f566f6.jpg,640,640,170287,13
train,DSC_6003_JPG_jpg.rf.354d3949e9f0240e3d5144d600083eeb.jpg,640,640,148208,13
train,DSC_6003_JPG_jpg.rf.44213656bfec972e49e1b487ce5914e6.jpg,640,640,165670,13
train,DSC_6003_JPG_jpg.rf.59eac2d4ff433463aec2484d8c4ebb58.jpg,640,640,90225,13
train,DSC_6003_JPG_jpg.rf.9600d489a637410a97ade366dd6e3943.jpg,640,640,159851,13
train,DSC_6003_JPG_jpg.rf.99353b05e9d8c91ce2b3683897917779.jpg,640,640,143987,13
train,DSC_6003_JPG_jpg.rf.fb0520534a07cbe3ff011b31f838fe80.jpg,640,640,147810,13
train,DSC_6003_JPG_jpg.rf.fdff00b663ca8eff1b6bb6ea62d289ef.jpg,640,640,57013,13
train,DSC_6004_JPG_jpg.rf.2fc0c630c79bd565a3006b4b8d4d8d29.jpg,640,640,156520,13
train,DSC_6004_JPG_jpg.rf.30d39e7b0594add5ba2c0d5c0caea5f0.jpg,640,640,103454,13
train,DSC_6004_JPG_jpg.rf.4c77d8faf369a1584d255e160a2d13ff.jpg,640,640,158700,13
train,DSC_6004_JPG_jpg.rf.6563ddadb4cf43968db8624f3777e640.jpg,640,640,174727,13
train,DSC_6004_JPG_jpg.rf.8543e04ceec37c2026f6597df299d502.jpg,640,640,134933,13
train,DSC_6004_JPG_jpg.rf.894c687221aef6a5e0a0a145775fb21f.jpg,640,640,169663,13
train,DSC_6004_JPG_jpg.rf.9e4b48ba9480b10b9525e0ba617d1359.jpg,640,640,169526,13
train,DSC_6004_JPG_jpg.rf.a2a6efe23bf0ad8664c8a91d96d490a3.jpg,640,640,101773,13
train,DSC_6005_JPG_jpg.rf.0d2cad1069776a1218be1cae3bc84c8a.jpg,640,640,120850,13
train,DSC_6005_JPG_jpg.rf.1db5701eecf0f7a872aabef56c7cdef5.jpg,640,640,119511,13
train,DSC_6005_JPG_jpg.rf.64142a03eaba60e4f5633d5139ce5e4f.jpg,640,640,57654,13
train,DSC_6005_JPG_jpg.rf.b81147f8d2a93a35750f504fe12ef8b7.jpg,640,640,134796,13
train,DSC_6005_JPG_jpg.rf.bb1395ce59b1cf277020f8de54d07a6c.jpg,640,640,89936,13
train,DSC_6005_JPG_jpg.rf.c370d99430d7197b1a57037ffc0c47e0.jpg,640,640,169380,13
train,DSC_6005_JPG_jpg.rf.e2ac7b0bff3ca8e9d501f9eab9ab8ac2.jpg,640,640,58747,13
train,DSC_6005_JPG_jpg.rf.ff108f00e8aa26b4cb991f5625a0d504.jpg,640,640,173136,13
train,DSC_6007_JPG_jpg.rf.4a32fd4c14529444d9481d9a0c364e0c.jpg,640,640,128642,13
train,DSC_6007_JPG_jpg.rf.52967340fa92268ad8b6b8db72f0e3c5.jpg,640,640,90940,13
train,DSC_6007_JPG_jpg.rf.7ce07d1b8aeb9c08727a8e3de2411056.jpg,640,640,126125,13
train,DSC_6007_JPG_jpg.rf.9256d47362c29a356a3f8c36712579a8.jpg,640,640,164023,13
train,DSC_6007_JPG_jpg.rf.c4f633e3bd5382fe8c2d5be0642f5014.jpg,640,640,128115,13
train,DSC_6007_JPG_jpg.rf.d76429057e611819fd6b7dc911e21c93.jpg,640,640,156845,13
train,DSC_6007_JPG_jpg.rf.eb72485d5151eab374b3c671a1bf1379.jpg,640,640,145372,13
train,DSC_6007_JPG_jpg.rf.fed8167cc0cb1caf0d29a8a3c83aa9f1.jpg,640,640,168596,13
train,DSC_6008_JPG_jpg.rf.0360ad334fbc3e10231f674ea1a06734.jpg,640,640,74300,12
train,DSC_6008_JPG_jpg.rf.46534b8d6f65ecdc6e4acb5e2754a646.jpg,640,640,159629,12
train,DSC_6008_JPG_jpg.rf.53be05e64627b0710e819e02053d3173.jpg,640,640,145021,12
train,DSC_6008_JPG_jpg.rf.598a598d6aaa0a385b848ac6a7507377.jpg,640,640,139772,12
train,DSC_6008_JPG_jpg.rf.68f58064b9e6bb7143cdb240c0bff47f.jpg,640,640,145021,12
train,DSC_6008_JPG_jpg.rf.77d699fb00f812f0db747559a1678647.jpg,640,640,156062,12
train,DSC_6008_JPG_jpg.rf.9c25dcf888443d97873a83f76cb14fe2.jpg,640,640,38007,12
train,DSC_6008_JPG_jpg.rf.b617c235fe6bc712aeca14ca95f826f0.jpg,640,640,57941,12
train,DSC_6008_JPG_jpg.rf.d1288e3eac63e0570747601954e0728c.jpg,640,640,56089,12
train,DSC_6009_JPG_jpg.rf.2637da7b1b38ed95ccd656b943cfe29b.jpg,640,640,118659,11
train,DSC_6009_JPG_jpg.rf.4bf85f654919457fe445805ed6f73679.jpg,640,640,161569,11
train,DSC_6009_JPG_jpg.rf.4def4e4799ff929204e9937069a1554a.jpg,640,640,36514,11
train,DSC_6009_JPG_jpg.rf.54f2c8cf50928bbc528014b77116d8be.jpg,640,640,128008,11
train,DSC_6009_JPG_jpg.rf.82fa7eded3130af727072a17a11f3aaf.jpg,640,640,156641,11
train,DSC_6009_JPG_jpg.rf.b1503c425622dc56ad3f4d38227daee0.jpg,640,640,57806,11
train,DSC_6009_JPG_jpg.rf.b58ff40d8d9af59d070820e75cdccddb.jpg,640,640,170970,11
train,DSC_6009_JPG_jpg.rf.bc1ab9afe4d664a8314cc51ffdfec2e1.jpg,640,640,127881,11
train,DSC_6010_JPG_jpg.rf.1d4952a5fe15bd88dc4fce08097ce03d.jpg,640,640,159627,12
train,DSC_6010_JPG_jpg.rf.1d4c5fa07eca53a9a1c2d93cf52ff4e9.jpg,640,640,139246,12
train,DSC_6010_JPG_jpg.rf.387af4356c58b9e4dca57e89c35f0645.jpg,640,640,168041,12
train,DSC_6010_JPG_jpg.rf.53f3adf747ca2c4f191dadea57c03b11.jpg,640,640,149647,12
train,DSC_6010_JPG_jpg.rf.5b0340d3d75512a4034b53b843d24c42.jpg,640,640,171446,12
train,DSC_6010_JPG_jpg.rf.64947251f7bde8d2519e2877a0e0e594.jpg,640,640,132908,12
train,DSC_6010_JPG_jpg.rf.685f29f7df4f9df193495aed848bd4b3.jpg,640,640,75081,12
train,DSC_6010_JPG_jpg.rf.9fc5598605e6061e30a739ac10439111.jpg,640,640,171446,12
train,DSC_6010_JPG_jpg.rf.d920301afeb99b616212f10ea4bde2d7.jpg,640,640,55054,12
train,DSC_6011_JPG_jpg.rf.3b2e0f07452bbbbcf3dd5399f0f9254b.jpg,640,640,117643,12
train,DSC_6011_JPG_jpg.rf.66a4156fe9659d37c753651095824fac.jpg,640,640,101591,12
train,DSC_6011_JPG_jpg.rf.75bfb96c079e7dce3347c10c26393119.jpg,640,640,155345,12
train,DSC_6011_JPG_jpg.rf.76c3939c1e32f8e1ab0d1d6d820ecdce.jpg,640,640,133916,12
train,DSC_6011_JPG_jpg.rf.97bd076db9e8bc43b578f80571035f60.jpg,640,640,59523,12
train,DSC_6011_JPG_jpg.rf.d9b27c232a8c94e75d97b1ac4fcf6386.jpg,640,640,145081,12
train,DSC_6011_JPG_jpg.rf.f1cd6f8b5953799509f644de40938c79.jpg,640,640,58437,12
train,DSC_6011_JPG_jpg.rf.fbf3eddb38d9a97ba8f2f278cefae17f.jpg,640,640,159759,12
train,DSC_6012_JPG_jpg.rf.19b499fc21648122e78bc7fcdd1d0f74.jpg,640,640,154100,12
train,DSC_6012_JPG_jpg.rf.566d38406fe0b8d67398c366d4a1c9c0.jpg,640,640,111491,12
train,DSC_6012_JPG_jpg.rf.80841fa9b985164a1bf66c7118b52bc4.jpg,640,640,98420,12
train,DSC_6012_JPG_jpg.rf.b6a6aef4bffba7fb5f8ee64f94c0a488.jpg,640,640,161034,12
train,DSC_6012_JPG_jpg.rf.c3283e3fd17fbe76bfcface0d42d9479.jpg,640,640,134680,12
train,DSC_6012_JPG_jpg.rf.c9e740fdb6bcab9ad05b4551972ecf0b.jpg,640,640,100574,12
train,DSC_6012_JPG_jpg.rf.cd03c45b4e14ade63cdead2354cb5f9a.jpg,640,640,159328,12
train,DSC_6012_JPG_jpg.rf.dcefbba3fd236f5f23d5ddd7f321e0a5.jpg,640,640,125413,12
train,DSC_6013_JPG_jpg.rf.4155d8f2fc2ee5d2ea7af4f3a1f1e2f7.jpg,640,640,137960,12
train,DSC_6013_JPG_jpg.rf.431f957af4c4b7bd26afa8c59503c8d9.jpg,640,640,88625,12
train,DSC_6013_JPG_jpg.rf.70a23108beaa42cacefda61381b7b8ae.jpg,640,640,59146,12
train,DSC_6013_JPG_jpg.rf.a3396778e817a45c620a1da672e616b7.jpg,640,640,149572,12
train,DSC_6013_JPG_jpg.rf.a356159f3d7297dca5857d8c84887b71.jpg,640,640,149572,12
train,DSC_6013_JPG_jpg.rf.a4d4141b870f28333e483ee25e71768b.jpg,640,640,127277,12
train,DSC_6013_JPG_jpg.rf.b210723ff92b7448bb4825a8842cc153.jpg,640,640,160606,12
train,DSC_6013_JPG_jpg.rf.d5be957e4ce17f7bfde7c0160c2a9707.jpg,640,640,111729,12
train,DSC_6013_JPG_jpg.rf.fb39e851c8ce06713a950b8f0a6294e2.jpg,640,640,57863,12
train,DSC_6014_JPG_jpg.rf.0be1a75d5681a6fa4658fa7c409132d4.jpg,640,640,119053,12
train,DSC_6014_JPG_jpg.rf.3bb1694b5278a0ca38f05c937ca90f52.jpg,640,640,110600,12
train,DSC_6014_JPG_jpg.rf.3ce4a36cca379cb216eb87c36834f31d.jpg,640,640,172794,12
train,DSC_6014_JPG_jpg.rf.51b587da618ec586d3cad6b459d7fbe2.jpg,640,640,127690,12
train,DSC_6014_JPG_jpg.rf.c3c7bed67d50ed157f0bd7dd48bd60db.jpg,640,640,172835,12
train,DSC_6014_JPG_jpg.rf.d305609f4568a3b187ff26fd00a6afdc.jpg,640,640,158132,12
train,DSC_6014_JPG_jpg.rf.e6610910c643f486020db902fd432df1.jpg,640,640,162904,12
train,DSC_6014_JPG_jpg.rf.f485a8730d5bd863c93c6f41bd769fa3.jpg,640,640,174835,12
train,DSC_6016_JPG_jpg.rf.1e90a00c83b386bc6a6ea395d12bdafb.jpg,640,640,150370,10
train,DSC_6016_JPG_jpg.rf.31387602476a1d5d4cefde1bdeecc6bb.jpg,640,640,128312,10
train,DSC_6016_JPG_jpg.rf.4857e34532c9ce4e8bff9afb09ddf192.jpg,640,640,173480,10
train,DSC_6016_JPG_jpg.rf.8c0ac6105bdcac1fb897b48b6d53f3c0.jpg,640,640,157239,10
train,DSC_6016_JPG_jpg.rf.9f54db8b454ed73b951ec411d731c31b.jpg,640,640,110364,10
train,DSC_6016_JPG_jpg.rf.b37ff3906541b79a29fae4f4dba00afd.jpg,640,640,90580,10
train,DSC_6016_JPG_jpg.rf.bb90322e98afa324a96b5e6f66b21ebc.jpg,640,640,172532,10
train,DSC_6016_JPG_jpg.rf.d84478d3401b153f53826f3d65064727.jpg,640,640,139726,10
train,DSC_6017_JPG_jpg.rf.00f8479479320afef0619e6073f6a483.jpg,640,640,101797,10
train,DSC_6017_JPG_jpg.rf.063d06832aeb7d04002afabbe44735d7.jpg,640,640,173872,10
train,DSC_6017_JPG_jpg.rf.3e8bd7671aa8cd4664412100e9c58504.jpg,640,640,172060,10
train,DSC_6017_JPG_jpg.rf.83022e2d3571381a3c770af55d70f865.jpg,640,640,56436,10
train,DSC_6017_JPG_jpg.rf.8df28ab10d0b25401cbcf1378a3b947a.jpg,640,640,148416,10
train,DSC_6017_JPG_jpg.rf.9ead4aa2461b09f991ed8ae0a7041e90.jpg,640,640,133051,10
train,DSC_6017_JPG_jpg.rf.b36d367cea6fd7723505ecdd81cacc71.jpg,640,640,173025,10
train,DSC_6017_JPG_jpg.rf.ff2718643d4c9cb9737bd0f4064ed1f3.jpg,640,640,168341,10
train,DSC_6023_JPG_jpg.rf.0d463284bb4d914b1c26a13c47d432a4.jpg,640,640,101708,12
train,DSC_6023_JPG_jpg.rf.0f0d14e254a1b75b932050af451cdb09.jpg,640,640,134653,12
train,DSC_6023_JPG_jpg.rf.1317222b570173418bd34378f29e479e.jpg,640,640,160402,12
train,DSC_6023_JPG_jpg.rf.21a06ee9572927a5e4ebd44553d3db61.jpg,640,640,169022,12
train,DSC_6023_JPG_jpg.rf.6745094ae27f9b25127a9213ea968b5e.jpg,640,640,162223,12
train,DSC_6023_JPG_jpg.rf.a824f8e31112852158651668943a9458.jpg,640,640,125780,12
train,DSC_6023_JPG_jpg.rf.aaaf29bc24ca143367ec6e3af31ee9db.jpg,640,640,145895,12
train,DSC_6023_JPG_jpg.rf.d0fc3fc470a87a078bd1265e9d44c393.jpg,640,640,60005,12
train,DSC_6024_JPG_jpg.rf.0411e76a6fa7271ca14285d6f0959bba.jpg,640,640,139763,12
train,DSC_6024_JPG_jpg.rf.1dc5614e3dd5a79782545c6fc8fc58b8.jpg,640,640,135133,12
train,DSC_6024_JPG_jpg.rf.1ee5cc3ade733ed9fac12be8cf44eaf8.jpg,640,640,36801,12
train,DSC_6024_JPG_jpg.rf.4d91f975fe02be0bcb1b19da2df5e5c5.jpg,640,640,121734,12
train,DSC_6024_JPG_jpg.rf.703dc417396e74a97b359d8473d26aaf.jpg,640,640,140844,12
train,DSC_6024_JPG_jpg.rf.8b47527bb3ec357a4066ab1dcedc4c7c.jpg,640,640,157001,12
train,DSC_6024_JPG_jpg.rf.9f6064a34409e94990a0f0a2eb810059.jpg,640,640,172600,12
train,DSC_6024_JPG_jpg.rf.bd20c877f3ad8ce0fe0b082f66e2a7ff.jpg,640,640,143423,12
train,DSC_6025_JPG_jpg.rf.01de55358063200a0b24cdcbe9ade909.jpg,640,640,58716,12
train,DSC_6025_JPG_jpg.rf.051b1b208190b1ff25231f10a30e9bd7.jpg,640,640,163464,12
train,DSC_6025_JPG_jpg.rf.295e34285133ea302d84d2af5ea634b9.jpg,640,640,143298,12
train,DSC_6025_JPG_jpg.rf.77032c5b9c34d1d1a65a6731a2b71ba3.jpg,640,640,132771,12
train,DSC_6025_JPG_jpg.rf.90e6533b2a2cae6c3f58adc0f4ec2fdd.jpg,640,640,164343,12
train,DSC_6025_JPG_jpg.rf.ca48689e51640b4a1fdcba70bb358ef0.jpg,640,640,154752,12
train,DSC_6025_JPG_jpg.rf.da0e3229a67dabbddb8bcd865395bb60.jpg,640,640,73698,12
train,DSC_6025_JPG_jpg.rf.db6e6e6baf8d86ccc9accaeb8451ebbc.jpg,640,640,89459,12
train,DSC_6027_JPG_jpg.rf.280605c6dbc0c70d1ab363d40e8c7996.jpg,640,640,150488,11
train,DSC_6027_JPG_jpg.rf.2ee3cfc62df2355ebfc4bd50b2e103e4.jpg,640,640,111787,11
train,DSC_6027_JPG_jpg.rf.3f17d303a65535543718fb720f023794.jpg,640,640,112542,11
train,DSC_6027_JPG_jpg.rf.43ff30f8717ad430e95333bacf4bdd60.jpg,640,640,127069,11
train,DSC_6027_JPG_jpg.rf.46af99434d4ff2a40e6cfdb30515b095.jpg,640,640,138549,11
train,DSC_6027_JPG_jpg.rf.b0f002a42f873f87149735efa70f38ae.jpg,640,640,73889,11
train,DSC_6027_JPG_jpg.rf.ba868091d0698ed31717ec767dbee722.jpg,640,640,111787,11
train,DSC_6027_JPG_jpg.rf.ed0c7647bdf1447e7990da6a6ccb910b.jpg,640,640,172420,11
train,DSC_6027_JPG_jpg.rf.f9ae16eea41e1eaea334b8e2abc377b8.jpg,640,640,164436,11
train,DSC_6029_JPG_jpg.rf.3b4bc61675eba4a083960f0f3bb5b5b7.jpg,640,640,145027,11
train,DSC_6029_JPG_jpg.rf.48709a631c5e11997d9d020b026317dd.jpg,640,640,139958,11
train,DSC_6029_JPG_jpg.rf.61b7542f991df389788928224acbdf58.jpg,640,640,158597,11
train,DSC_6029_JPG_jpg.rf.83dc9b084d5142c61a8e465db5a66c22.jpg,640,640,35815,11
train,DSC_6029_JPG_jpg.rf.8feeeeed7ea1a39bda50ca28722ff00b.jpg,640,640,156849,11
train,DSC_6029_JPG_jpg.rf.964bc087d4ac68ef598c4ad0adc7ab3a.jpg,640,640,168341,11
train,DSC_6029_JPG_jpg.rf.b2efef138b0993217b7448052537825f.jpg,640,640,126351,11
train,DSC_6029_JPG_jpg.rf.d230b2a805918d7bad692297ec321efc.jpg,640,640,112487,11
train,DSC_6031_JPG_jpg.rf.04399c146bad823388b6f8884aa8efab.jpg,640,640,156270,12
train,DSC_6031_JPG_jpg.rf.0d114f692d8e195d02c7a49bdace0872.jpg,640,640,169668,12
train,DSC_6031_JPG_jpg.rf.87f2b3ee2701bb3166e136e128d97cf7.jpg,640,640,88600,12
train,DSC_6031_JPG_jpg.rf.9905d10e234ccec3907c0bbf121cba35.jpg,640,640,38017,12
train,DSC_6031_JPG_jpg.rf.9e2401eb958ada1eb85016a4c9d78d3c.jpg,640,640,140420,12
train,DSC_6031_JPG_jpg.rf.ac592295be9008da7c1661a5c3cb9459.jpg,640,640,120264,12
train,DSC_6031_JPG_jpg.rf.bb09b1b4a115e0fc536a75c4c80dde38.jpg,640,640,140702,12
train,DSC_6031_JPG_jpg.rf.bbbbc7d08e46888e413e4ad6df1e1a51.jpg,640,640,89384,12
train,DSC_6032_JPG_jpg.rf.062f885323fdd60e5bb391af631aa573.jpg,640,640,144183,12
train,DSC_6032_JPG_jpg.rf.6408917e3c5d65e6d21ac4070ee5bd31.jpg,640,640,164222,12
train,DSC_6032_JPG_jpg.rf.779402ed96671fb1dffb0deb24a1f279.jpg,640,640,133145,12
train,DSC_6032_JPG_jpg.rf.877d6e4c899dfa3f4c7fa3da2a2d5ab7.jpg,640,640,140097,12
train,DSC_6032_JPG_jpg.rf.90f506427d9c20b2c0788d14cef6615d.jpg,640,640,173941,12
train,DSC_6032_JPG_jpg.rf.c86d4b9f104575c8896f4d4fc07b6ef3.jpg,640,640,167242,12
train,DSC_6032_JPG_jpg.rf.df827261e7866df245b774f5733e67b2.jpg,640,640,89884,12
train,DSC_6032_JPG_jpg.rf.f71cb838e1a60e3fc666fbb75a935594.jpg,640,640,163418,12
train,DSC_6033_JPG_jpg.rf.3ebb964fb122fb07fe170fb809c1dece.jpg,640,640,151150,12
train,DSC_6033_JPG_jpg.rf.4a2f1e99776a1dbe2e95637b458ad768.jpg,640,640,72464,12
train,DSC_6033_JPG_jpg.rf.4e95444ee66896f8d661d7f12113d7c4.jpg,640,640,173967,12
train,DSC_6033_JPG_jpg.rf.745ac7df36dbadc96220cac8328a32d7.jpg,640,640,160282,12
train,DSC_6033_JPG_jpg.rf.a4885cb5766f4f4191a5d9adb41a789c.jpg,640,640,152651,12
train,DSC_6033_JPG_jpg.rf.e8c58c1a35dffb66b5ee823afbfa5a87.jpg,640,640,174834,12
train,DSC_6033_JPG_jpg.rf.f22fe3f07c4151e9ceb6b751e99fbb89.jpg,640,640,146172,12
train,DSC_6033_JPG_jpg.rf.f33515a3347376b4c45e2d84d3d565be.jpg,640,640,167360,12
train,DSC_6034_JPG_jpg.rf.0b71bfbc676cdcc6b8e0e34c085a39fc.jpg,640,640,86549,11
train,DSC_6034_JPG_jpg.rf.0ddb186959fe9dd260e3f1e8d7edb573.jpg,640,640,152704,11
train,DSC_6034_JPG_jpg.rf.172b85798f2c5ba341ee4fdc9bf5672c.jpg,640,640,172874,11
train,DSC_6034_JPG_jpg.rf.8f6d89de41fbcee624b1a8f171c69625.jpg,640,640,164737,11
train,DSC_6034_JPG_jpg.rf.9e2dc9b3cab1cd61ce32dc1e54680a3b.jpg,640,640,150299,11
train,DSC_6034_JPG_jpg.rf.df90aecab82ea9abe412f1aca313bab8.jpg,640,640,144956,11
train,DSC_6034_JPG_jpg.rf.e48c17ec1b38335e7e8a86f0173068d2.jpg,640,640,112082,11
train,DSC_6034_JPG_jpg.rf.ef230328c0d5f9e48739fda4330fa2d3.jpg,640,640,102202,11
train,DSC_6035_JPG_jpg.rf.126949ffb7af589c3ab49779b1f154b6.jpg,640,640,165356,11
train,DSC_6035_JPG_jpg.rf.5cec7a878e4753a4a182649fbc3d0799.jpg,640,640,160443,11
train,DSC_6035_JPG_jpg.rf.7a15c6a1ccc07991c7070ea8fcb09317.jpg,640,640,132840,11
train,DSC_6035_JPG_jpg.rf.7d5cf324e292b01c56deb3068465941c.jpg,640,640,154741,11
train,DSC_6035_JPG_jpg.rf.82624c9930e3d845b4e319e716e3a6d1.jpg,640,640,34636,11
train,DSC_6035_JPG_jpg.rf.b4c24091d153e324bf60b0a952b740e1.jpg,640,640,158727,11
train,DSC_6035_JPG_jpg.rf.e8981e757b6db5e4e8e55607ab58ac26.jpg,640,640,167218,11
train,DSC_6035_JPG_jpg.rf.ee9f89f07e64e116efa7e273174e3cbf.jpg,640,640,148108,11
train,DSC_6036_JPG_jpg.rf.220c1b78b3fe296097759a1fdc2aa153.jpg,640,640,165228,11
train,DSC_6036_JPG_jpg.rf.363ffedbd3cd096be6345a862e38612e.jpg,640,640,59133,11
train,DSC_6036_JPG_jpg.rf.39fe80cd904be91a1c65956651647d2b.jpg,640,640,144339,11
train,DSC_6036_JPG_jpg.rf.4731200514426bfb8bcfba4943b05034.jpg,640,640,160957,11
train,DSC_6036_JPG_jpg.rf.6d7ea428e07277c7f1425c580ab2f059.jpg,640,640,59133,11
train,DSC_6036_JPG_jpg.rf.70168424378a065ef3c7e841e84aa452.jpg,640,640,171887,11
train,DSC_6036_JPG_jpg.rf.7ee44a1d8a980361eff6c4f3a4661a5e.jpg,640,640,139833,11
train,DSC_6036_JPG_jpg.rf.9c8cd6f502e4ab375b2cc7cee1125c22.jpg,640,640,135090,11
train,DSC_6036_JPG_jpg.rf.a05a087e5f6747c2a8b1fc6d337e89c3.jpg,640,640,138981,11
train,DSC_6038_JPG_jpg.rf.0b2efb1905d4feffe78b4618eba45e1c.jpg,640,640,132845,14
train,DSC_6038_JPG_jpg.rf.24ca349d9cc62ae25b2a60974e9b73fc.jpg,640,640,164582,14
train,DSC_6038_JPG_jpg.rf.2b87307b815f1b8071596d05d73dc489.jpg,640,640,101529,14
train,DSC_6038_JPG_jpg.rf.352f8193f34be30a22ac9f3e88d30a71.jpg,640,640,141143,14
train,DSC_6038_JPG_jpg.rf.3e8940045c8a31b2196af57c6894949c.jpg,640,640,175146,14
train,DSC_6038_JPG_jpg.rf.7cf12118bb77298c4081eeaac921270d.jpg,640,640,174459,14
train,DSC_6038_JPG_jpg.rf.b427ff695db429aa5f347cfb02696352.jpg,640,640,102624,14
train,DSC_6038_JPG_jpg.rf.cd6292e88263cece4a7f99a9212245f3.jpg,640,640,163412,14
train,DSC_6038_JPG_jpg.rf.e88b2a8c838b92ae2bb9aae5b54eef8f.jpg,640,640,163412,14
train,DSC_6039_JPG_jpg.rf.3c4839a14c742495b23bb8fa7aaf0747.jpg,640,640,75441,12
train,DSC_6039_JPG_jpg.rf.404b9ae98f4a8f1bbded682d968ff7a7.jpg,640,640,174431,12
train,DSC_6039_JPG_jpg.rf.6a501721d0ff07c9b9c6b8e78b7ee524.jpg,640,640,164641,12
train,DSC_6039_JPG_jpg.rf.8bb11f4ee4a703feffee0620b064c08b.jpg,640,640,168682,12
train,DSC_6039_JPG_jpg.rf.9131601d902f941916d6299d2b477ee9.jpg,640,640,156076,12
train,DSC_6039_JPG_jpg.rf.a48a04d6c96b02f2e01d2a285bac557a.jpg,640,640,173642,12
train,DSC_6039_JPG_jpg.rf.afb7ef518c4685a7446d44d319032670.jpg,640,640,163820,12
train,DSC_6039_JPG_jpg.rf.b8117841ea4bd701488741c1c4885312.jpg,640,640,153433,12
train,DSC_6040_JPG_jpg.rf.25db2e57d45d4242e688606a7357101f.jpg,640,640,171072,11
train,DSC_6040_JPG_jpg.rf.4b867b5d5245f991199d7ec6dc154a6e.jpg,640,640,173417,11
train,DSC_6040_JPG_jpg.rf.6c46256e53dd965d93d73ced8f78a7d4.jpg,640,640,126491,11
train,DSC_6040_JPG_jpg.rf.7d29934f8b5b0b486682b3e0b343b250.jpg,640,640,111851,11
train,DSC_6040_JPG_jpg.rf.ce00fb8295517e90f0f841e587791b0c.jpg,640,640,163578,11
train,DSC_6040_JPG_jpg.rf.d6d9cfa03273c6692bb23f6c8dce06f0.jpg,640,640,159338,11
train,DSC_6040_JPG_jpg.rf.e3194590fe885a302192f79839c951ac.jpg,640,640,143684,11
train,DSC_6040_JPG_jpg.rf.e94231f0e9e1f526f575b9026b12a7de.jpg,640,640,156124,11
train,DSC_6041_JPG_jpg.rf.1db1ba2c74c4f6e53ac3f9ddf85c3df9.jpg,640,640,155991,13
train,DSC_6041_JPG_jpg.rf.39d75b4f7b43c2c8173caf0bd87eff1d.jpg,640,640,155014,13
train,DSC_6041_JPG_jpg.rf.3d3863284f038d94ae0bdfac0ab723f2.jpg,640,640,88161,13
train,DSC_6041_JPG_jpg.rf.64ceec620ad39306a13373e0432cb749.jpg,640,640,172999,13
train,DSC_6041_JPG_jpg.rf.82a6141aaa2e74e55ab4a2e555419b5b.jpg,640,640,126022,13
train,DSC_6041_JPG_jpg.rf.a43ac3b4a6ee372d20da60ffdeff56d8.jpg,640,640,101297,13
train,DSC_6041_JPG_jpg.rf.c575fa0a396c32b20f2f9c3fd80a66d0.jpg,640,640,73019,13
train,DSC_6041_JPG_jpg.rf.f5f1ce5d7fdbe1c450c6c236bd9ee9ff.jpg,640,640,111557,13
train,DSC_6043_JPG_jpg.rf.0f97f274d143ed05eeb9840cd2ffc3f9.jpg,640,640,157134,12
train,DSC_6043_JPG_jpg.rf.2b5dfca24deddf9f63c7eadbfb74f959.jpg,640,640,164560,12
train,DSC_6043_JPG_jpg.rf.4f9d8862526799bc4f99808f416e07d0.jpg,640,640,55492,12
train,DSC_6043_JPG_jpg.rf.6d85eadbad69a9f047cd8f2b28a57198.jpg,640,640,37773,12
train,DSC_6043_JPG_jpg.rf.71706347d34dd8f3cb7a786427e93ede.jpg,640,640,91318,12
train,DSC_6043_JPG_jpg.rf.90ffee9c1f64e5955673d0ed037eb510.jpg,640,640,176004,12
train,DSC_6043_JPG_jpg.rf.a278eae3fd40ea9fde8b72b03090f140.jpg,640,640,57811,12
train,DSC_6043_JPG_jpg.rf.c1bec9312a7dd54b1da018462a97098e.jpg,640,640,153482,12
train,DSC_6044_JPG_jpg.rf.05fb2211d3b1568f8c7e96f268a20350.jpg,640,640,57433,11
train,DSC_6044_JPG_jpg.rf.06e4ea7a7ba1e47e64462363bd62a5cc.jpg,640,640,158884,11
train,DSC_6044_JPG_jpg.rf.0a8911e96e5ed0d31e60378bdc88b397.jpg,640,640,110552,11
train,DSC_6044_JPG_jpg.rf.1c92724a2450f2c38bbc82b2f5992540.jpg,640,640,102186,11
train,DSC_6044_JPG_jpg.rf.423474bb72fe4cb3e9f1f8d210f25764.jpg,640,640,89179,11
train,DSC_6044_JPG_jpg.rf.90e938f957ef58494c82ffd877ef1ee3.jpg,640,640,73779,11
train,DSC_6044_JPG_jpg.rf.c990a5ccc411e05861e35d00f9b5cb23.jpg,640,640,145017,11
train,DSC_6044_JPG_jpg.rf.f7020051ca9db8b422828ba9fdc8f1a3.jpg,640,640,99041,11
train,DSC_6045_JPG_jpg.rf.12589d52066e660a91378218724bbf16.jpg,640,640,151117,12
train,DSC_6045_JPG_jpg.rf.2e1b45e2ba562d69e7c6244468e69e58.jpg,640,640,109951,12
train,DSC_6045_JPG_jpg.rf.4082b89f397a49647245349a5421cb32.jpg,640,640,160830,12
train,DSC_6045_JPG_jpg.rf.43afffaffa5059e1ea659911920c2350.jpg,640,640,150511,12
train,DSC_6045_JPG_jpg.rf.4bc97545c17a9ca2e7d5f524057d9348.jpg,640,640,144384,12
train,DSC_6045_JPG_jpg.rf.5a8b07cace2a5187dfad8767068c4669.jpg,640,640,134937,12
train,DSC_6045_JPG_jpg.rf.92640e7dd7f8c45138c6bc0349532244.jpg,640,640,162671,12
train,DSC_6045_JPG_jpg.rf.c80c4eb5e3b06b219842701436c3b979.jpg,640,640,134937,12
train,DSC_6045_JPG_jpg.rf.f0440da6a9a93a889db83a99da05756e.jpg,640,640,89207,12
train,DSC_6046_JPG_jpg.rf.05f4be73b083b532278a97e0d5f043c3.jpg,640,640,139539,12
train,DSC_6046_JPG_jpg.rf.31e96bdf49adc59f06cf69dbaeab3d78.jpg,640,640,171935,12
train,DSC_6046_JPG_jpg.rf.42f520a7fa2571f5bc9c8887c9224d35.jpg,640,640,166258,12
train,DSC_6046_JPG_jpg.rf.5c7145bfed4a4f7446947d6889add31b.jpg,640,640,149383,12
train,DSC_6046_JPG_jpg.rf.650c88e17c5dd9928467713d7fead5d0.jpg,640,640,59345,12
train,DSC_6046_JPG_jpg.rf.a657d3cc6c9b28f82661e12b89ba4701.jpg,640,640,91033,12
train,DSC_6046_JPG_jpg.rf.d62828bd3daecbb17e58e4106b27873d.jpg,640,640,121807,12
train,DSC_6046_JPG_jpg.rf.f8f4b45526447415898ae8c36e3a3f5f.jpg,640,640,134102,12
train,DSC_6047_JPG_jpg.rf.0777d1fd8b2cfbe8513907ddef8860e1.jpg,640,640,148919,12
train,DSC_6047_JPG_jpg.rf.315f3d1f66c220e5ee0eaf75edc863d4.jpg,640,640,135361,12
train,DSC_6047_JPG_jpg.rf.a095b2b8cdef32159cd864c4db916706.jpg,640,640,102567,12
train,DSC_6047_JPG_jpg.rf.a90989ddf776be0d14cfa3730f6dfccd.jpg,640,640,88103,12
train,DSC_6047_JPG_jpg.rf.b62a50166a35021094d86e30f309b8fa.jpg,640,640,113398,12
train,DSC_6047_JPG_jpg.rf.c040ff81f79622d2b5b91bdf41e46e1e.jpg,640,640,171332,12
train,DSC_6047_JPG_jpg.rf.cf47a4fbf9a404ebfd01dd8b51b08e1c.jpg,640,640,168831,12
train,DSC_6047_JPG_jpg.rf.fc5491013d81cac2fcebddc364f45466.jpg,640,640,103757,12
train,DSC_6048_JPG_jpg.rf.0dd46d5fa86ab252fc3a995df6c2efac.jpg,640,640,165082,13
train,DSC_6048_JPG_jpg.rf.1dcc5c69c12833f683382e83a8e07a48.jpg,640,640,175382,13
train,DSC_6048_JPG_jpg.rf.43c0dfa492822d358a703b4a44e24b58.jpg,640,640,143694,13
train,DSC_6048_JPG_jpg.rf.4dffdc10435a690741cd09ecd52872fe.jpg,640,640,172005,13
train,DSC_6048_JPG_jpg.rf.685eb8955d08020022d988c08ddb40a1.jpg,640,640,113127,13
train,DSC_6048_JPG_jpg.rf.860d58c9625538ab704642b20aede7b2.jpg,640,640,146019,13
train,DSC_6048_JPG_jpg.rf.a96c41d2bb600b839370b23e3c21c251.jpg,640,640,154380,13
train,DSC_6048_JPG_jpg.rf.d321c1cd7649788a2d52e0bea56bade0.jpg,640,640,153864,13
train,DSC_6049_JPG_jpg.rf.096708cb1cf802cb6ba1661d09e9eb0e.jpg,640,640,119895,13
train,DSC_6049_JPG_jpg.rf.42f12bdaabc4735d46511f54e645adc9.jpg,640,640,112069,13
train,DSC_6049_JPG_jpg.rf.5503ca353bac919d8d3da173a385ca06.jpg,640,640,155212,13
train,DSC_6049_JPG_jpg.rf.756539a2c3475e11627bb6e854bbfc5d.jpg,640,640,164212,13
train,DSC_6049_JPG_jpg.rf.8f0fa4d0718ce9f8e18531f93e2f7fd7.jpg,640,640,119182,13
train,DSC_6049_JPG_jpg.rf.9bcf548e4f0fdcfdf99d32083e8d74f9.jpg,640,640,58129,13
train,DSC_6049_JPG_jpg.rf.9d17fb5c92769583d34d47f2a55f722f.jpg,640,640,149745,13
train,DSC_6049_JPG_jpg.rf.dfff32e03cd152bbdcd413512c181f2e.jpg,640,640,164212,13
train,DSC_6049_JPG_jpg.rf.e7bcf35b2dd381b5e6e3cf6b7d874387.jpg,640,640,74606,13
train,DSC_6050_JPG_jpg.rf.170a9c726fa7375cd14b8ab88b3eaeac.jpg,640,640,143605,12
train,DSC_6050_JPG_jpg.rf.4034fc209d1b48eb806d9733f2fd39d5.jpg,640,640,142545,12
train,DSC_6050_JPG_jpg.rf.72607608a6d47be32bd04f97c9dd29b8.jpg,640,640,153972,12
train,DSC_6050_JPG_jpg.rf.95b8120449e970930cf26001bec5d8b4.jpg,640,640,165139,12
train,DSC_6050_JPG_jpg.rf.9c6f09369bff05e2abfdc3452e28ad99.jpg,640,640,89149,12
train,DSC_6050_JPG_jpg.rf.a329a958df9049cae92e17650404347c.jpg,640,640,99444,12
train,DSC_6050_JPG_jpg.rf.b529031abfa9028267265e64f14771af.jpg,640,640,167414,12
train,DSC_6050_JPG_jpg.rf.d6faf73cfe486e1cea996640a05df839.jpg,640,640,165139,12
train,DSC_6050_JPG_jpg.rf.fc557c83781c28e8151e4265407ecebf.jpg,640,640,168431,12
train,DSC_6052_JPG_jpg.rf.141b804965ff198b295eac93ee4b88d6.jpg,640,640,139558,12
train,DSC_6052_JPG_jpg.rf.19752dcf61009a4e22e9e374e8f016b0.jpg,640,640,148269,12
train,DSC_6052_JPG_jpg.rf.1c84711ea57a32210838069f634492e6.jpg,640,640,165137,12
train,DSC_6052_JPG_jpg.rf.6de6b68a99045b435ff7ed56b9a4fda8.jpg,640,640,144193,12
train,DSC_6052_JPG_jpg.rf.9805bb46bdea536262e9086ba9251b6f.jpg,640,640,100698,12
train,DSC_6052_JPG_jpg.rf.b779b4b40923e26b34c1b63b615c2076.jpg,640,640,139270,12
train,DSC_6052_JPG_jpg.rf.d1a30c27d3f7ab49bdfcaa1620198592.jpg,640,640,165888,12
train,DSC_6052_JPG_jpg.rf.ef7d729adf9bb3d6941570841858f7b1.jpg,640,640,169518,12
train,DSC_6055_JPG_jpg.rf.0a4c4f5567adb1e22730f95a994524a4.jpg,640,640,138985,13
train,DSC_6055_JPG_jpg.rf.190580396b0c2201d57458f2d0120987.jpg,640,640,146224,13
train,DSC_6055_JPG_jpg.rf.8922354e9f2b68317126cd74091becc1.jpg,640,640,172890,13
train,DSC_6055_JPG_jpg.rf.bcb777c01b5acc03e26296625a82f7bf.jpg,640,640,111951,13
train,DSC_6055_JPG_jpg.rf.c375735acfd4951535049fe3ae3cfdf0.jpg,640,640,134761,13
train,DSC_6055_JPG_jpg.rf.cfe7fa76f082ed8529240d93847e4e2a.jpg,640,640,168246,13
train,DSC_6055_JPG_jpg.rf.fa930b91f7fd26f530519d6bdaa008e0.jpg,640,640,166796,13
train,DSC_6055_JPG_jpg.rf.fbd13dc542e71382075272308a415c47.jpg,640,640,132701,13
train,DSC_6056_JPG_jpg.rf.00b9880dc8df50fc46403e87ff0f1042.jpg,640,640,151698,13
train,DSC_6056_JPG_jpg.rf.76ca6424a8061f88ce1f13684b174642.jpg,640,640,119685,13
train,DSC_6056_JPG_jpg.rf.7a643c8e5da5bda0763f17d72028b4a5.jpg,640,640,144372,13
train,DSC_6056_JPG_jpg.rf.b02dfbd3ca57f4221412663192c92019.jpg,640,640,57356,13
train,DSC_6056_JPG_jpg.rf.cc30586b5aceaa73eac50024e0a1c5f4.jpg,640,640,126522,13
train,DSC_6056_JPG_jpg.rf.dee15c788debdfd7dfc44d6792e4fcde.jpg,640,640,173424,13
train,DSC_6056_JPG_jpg.rf.e05d38a7fe9f7d06f2464822f78e0c12.jpg,640,640,173418,13
train,DSC_6056_JPG_jpg.rf.fb37434efd286e7b8c2a5f65259d046a.jpg,640,640,119740,13
train,DSC_6058_JPG_jpg.rf.167c0f9e7dced2bbe16b6d42d80b61e0.jpg,640,640,140337,12
train,DSC_6058_JPG_jpg.rf.17c4e0044e72d49b4108c7ed3b45061e.jpg,640,640,163400,12
train,DSC_6058_JPG_jpg.rf.1d257fbc526cdba5ba9bf9274b0f8b3c.jpg,640,640,55445,12
train,DSC_6058_JPG_jpg.rf.34a1e65370aa1428698e70e762198bf2.jpg,640,640,160843,12
train,DSC_6058_JPG_jpg.rf.59699cbc7b3caf7f52832ca024754996.jpg,640,640,134054,12
train,DSC_6058_JPG_jpg.rf.80957431723fa516b0ceba769ae6ac09.jpg,640,640,148324,12
train,DSC_6058_JPG_jpg.rf.c833515ec86359e9f1b8023fd2ca4cd0.jpg,640,640,129459,12
train,DSC_6058_JPG_jpg.rf.fce672222eb1be9eaa31ce276122755d.jpg,640,640,149229,12
train,DSC_6062_JPG_jpg.rf.1b470e167ea7bf950b5acabe9c1cdfe7.jpg,640,640,168014,10
train,DSC_6062_JPG_jpg.rf.2a604174cecf2781174d287023df100c.jpg,640,640,56358,10
train,DSC_6062_JPG_jpg.rf.31ce2d5e946b540e56ade8f97d951507.jpg,640,640,167830,10
train,DSC_6062_JPG_jpg.rf.52d8340ac8f1b049a38a1d032ff4664e.jpg,640,640,74364,10
train,DSC_6062_JPG_jpg.rf.75f745d68576d4348405f288566abd10.jpg,640,640,76998,10
train,DSC_6062_JPG_jpg.rf.bb0a80835f05579a8d6fe2415c26caec.jpg,640,640,166836,10
train,DSC_6062_JPG_jpg.rf.bca547dcd9c07bf24d231a38f98cf71c.jpg,640,640,128559,10
train,DSC_6062_JPG_jpg.rf.e99fb64bbbc19ce297a753ef0b64a1a1.jpg,640,640,160169,10
train,DSC_6063_JPG_jpg.rf.06ff184ec192109b2415f1cdd6e35bd2.jpg,640,640,36153,10
train,DSC_6063_JPG_jpg.rf.13b61cc00aa4780881eafdb1141c37e0.jpg,640,640,88898,10
train,DSC_6063_JPG_jpg.rf.19a336604c57312d612f8c23f66d2736.jpg,640,640,172082,10
train,DSC_6063_JPG_jpg.rf.1b05f1c12d7bdf917e89a5e3dcce0368.jpg,640,640,86823,10
train,DSC_6063_JPG_jpg.rf.2e765d0a5b4ad9f95c8d3056de2f3a1f.jpg,640,640,142875,10
train,DSC_6063_JPG_jpg.rf.78c15b0703a146477b1124bce40a0cf8.jpg,640,640,170844,10
train,DSC_6063_JPG_jpg.rf.7a0b38e6dc6dcae86cf1f2c69c44d19d.jpg,640,640,145726,10
train,DSC_6063_JPG_jpg.rf.ecd15a09b5d748b50844c25a70def5d5.jpg,640,640,37294,10
train,DSC_6064_JPG_jpg.rf.0aba57e73cd9e67fcde6498cc1dff475.jpg,640,640,139843,10
train,DSC_6064_JPG_jpg.rf.0b1f3737713fbf8796edc6d20d2f6cea.jpg,640,640,163411,10
train,DSC_6064_JPG_jpg.rf.184fd37c6f80dcbce3ab7ce4601b0952.jpg,640,640,160613,10
train,DSC_6064_JPG_jpg.rf.26dd328df8198ff0fc522d8efac6441d.jpg,640,640,173654,10
train,DSC_6064_JPG_jpg.rf.29531aaf45fb97584b160dbb3bcf46b1.jpg,640,640,155042,10
train,DSC_6064_JPG_jpg.rf.5e9525828c1aedca4f796904a1173da6.jpg,640,640,87241,10
train,DSC_6064_JPG_jpg.rf.6c90b0d14c433fed33a3e3eb5bd95da1.jpg,640,640,164679,10
train,DSC_6064_JPG_jpg.rf.d6d4d63657ac1626ea4aac04bb2d0974.jpg,640,640,72117,10
train,DSC_6066_JPG_jpg.rf.37ffac8c9596825f331a30c3194fc1ac.jpg,640,640,162562,11
train,DSC_6066_JPG_jpg.rf.3a8aaa094ef426255671890c72aa8658.jpg,640,640,148340,11
train,DSC_6066_JPG_jpg.rf.6f761daadbfd37906f11363703cccf9d.jpg,640,640,163675,11
train,DSC_6066_JPG_jpg.rf.a69517e4a45c87fc3412621cca944875.jpg,640,640,36685,11
train,DSC_6066_JPG_jpg.rf.a7af319e4145a9554c9e21ebfde1194b.jpg,640,640,171525,11
train,DSC_6066_JPG_jpg.rf.ae83551abdf605a2e2c6b618ad410794.jpg,640,640,127170,11
train,DSC_6066_JPG_jpg.rf.c466d2c33083890ddf3579fd56fad043.jpg,640,640,134503,11
train,DSC_6066_JPG_jpg.rf.d695c0566014b51854e47dd2a5fa5714.jpg,640,640,144951,11
train,DSC_6122_JPG_jpg.rf.091aa4e8b51c40c23414bee3192a91c0.jpg,640,640,74384,13
train,DSC_6122_JPG_jpg.rf.2625f805119dde4bb7fb865292e4fc49.jpg,640,640,175679,13
train,DSC_6122_JPG_jpg.rf.5bb21c2e91bd24dc6497103e9d56043b.jpg,640,640,156995,13
train,DSC_6122_JPG_jpg.rf.5be7a147cb5dce0bd76e1a09f698affd.jpg,640,640,165342,13
train,DSC_6122_JPG_jpg.rf.765405b8e055eb7bcff7e6020737bea1.jpg,640,640,143569,13
train,DSC_6122_JPG_jpg.rf.d03b7103558387529294cfb4fb124bf7.jpg,640,640,36618,13
train,DSC_6122_JPG_jpg.rf.d981c21b8f393125362232cd1f77f307.jpg,640,640,163952,13
train,DSC_6122_JPG_jpg.rf.fd5901495a437b80aa25eb88431de3be.jpg,640,640,173413,13
train,DSC_6123_JPG_jpg.rf.4cc214f5685c2454b7a82439be5d10f8.jpg,640,640,172147,14
train,DSC_6123_JPG_jpg.rf.5fa6d3d293251ea740fd944c8da822f6.jpg,640,640,162947,14
train,DSC_6123_JPG_jpg.rf.6118f9b815eac255b28e4062d320d6dc.jpg,640,640,36546,14
train,DSC_6123_JPG_jpg.rf.7874fb166ea4df9d0e6b78cc015b1c3c.jpg,640,640,127884,14
train,DSC_6123_JPG_jpg.rf.a4ad13890fc40ad85b32a94896f2ff74.jpg,640,640,138038,14
train,DSC_6123_JPG_jpg.rf.a7c04c413cc64964034429e9c567910b.jpg,640,640,143664,14
train,DSC_6123_JPG_jpg.rf.c6a5ff6ce779da07137d3dd51b5a5948.jpg,640,640,138536,14
train,DSC_6123_JPG_jpg.rf.d01eb10fda2a150938d681acc6355bfa.jpg,640,640,100346,14
train,DSC_6124_JPG_jpg.rf.20f9656827bb179c1dd9896733be00f1.jpg,640,640,170082,13
train,DSC_6124_JPG_jpg.rf.243fbfa3b248baee7eaecee33a91ed31.jpg,640,640,110742,13
train,DSC_6124_JPG_jpg.rf.306e2fe169233f0925191454f79607d8.jpg,640,640,154168,13
train,DSC_6124_JPG_jpg.rf.4bf794a0c7d7652301c5dde0c1e77c92.jpg,640,640,156463,13
train,DSC_6124_JPG_jpg.rf.a8034791589dab09e5c0f61d3e024505.jpg,640,640,87427,13
train,DSC_6124_JPG_jpg.rf.f6527a53cd5b3a6e2de4b68c44bdf176.jpg,640,640,164070,13
train,DSC_6124_JPG_jpg.rf.f82cc3bf3b8af3ef23d4ed1982d8d46d.jpg,640,640,174884,13
train,DSC_6124_JPG_jpg.rf.f9575b66cd0120225dd8a936a3c7181a.jpg,640,640,172916,13
train,DSC_6125_JPG_jpg.rf.313963225fcaa1f5a147f5ea813e3eca.jpg,640,640,170567,14
train,DSC_6125_JPG_jpg.rf.3faf68a33fc89f925797d295a3429855.jpg,640,640,163605,14
train,DSC_6125_JPG_jpg.rf.42146a4b35c83e0d44a2c43f3117db00.jpg,640,640,156543,14
train,DSC_6125_JPG_jpg.rf.806bc4bcef2d8088c6778442c33799fb.jpg,640,640,164384,14
train,DSC_6125_JPG_jpg.rf.965eb2cc2b4d1fa0d07dd6cd06e0829d.jpg,640,640,75938,14
train,DSC_6125_JPG_jpg.rf.bcf9e8bc8a490252d52cdf6105a80553.jpg,640,640,153435,14
train,DSC_6125_JPG_jpg.rf.c56c7420334d22cd5a2c49a0ca2d1623.jpg,640,640,100692,14
train,DSC_6125_JPG_jpg.rf.cccd3be7ec2472f67a89519a763a3c0f.jpg,640,640,147127,14
train,DSC_6126_JPG_jpg.rf.0230424a4064e526a98ca1a02cffa797.jpg,640,640,170313,13
train,DSC_6126_JPG_jpg.rf.49b9a1a63f32b0ac2240d2bb20987767.jpg,640,640,172797,13
train,DSC_6126_JPG_jpg.rf.6233a5bbede1d4ad7fdb638999857489.jpg,640,640,102685,13
train,DSC_6126_JPG_jpg.rf.8eb738a5bd1d5d489a5e3f6ba8cf3755.jpg,640,640,111381,13
train,DSC_6126_JPG_jpg.rf.9a9a9e949260b02b7a5614052a913d21.jpg,640,640,122199,13
train,DSC_6126_JPG_jpg.rf.b72cdd4762cd85c4d1abe94efbcd9d28.jpg,640,640,174183,13
train,DSC_6126_JPG_jpg.rf.eda45bb189822e09d236be1cb7894e30.jpg,640,640,53934,13
train,DSC_6126_JPG_jpg.rf.ff2b1f2dbf8726025d96b5b1f08da258.jpg,640,640,167900,13
train,DSC_6127_JPG_jpg.rf.09554cc587f1119ca14deb3e7f9f69ac.jpg,640,640,36686,12
train,DSC_6127_JPG_jpg.rf.3839d2f8b755a26d0f1a92a7c9623b42.jpg,640,640,140953,12
train,DSC_6127_JPG_jpg.rf.4576b1d4a380f889fcf75f15acd711f3.jpg,640,640,99699,12
train,DSC_6127_JPG_jpg.rf.5c034f0785762ec889867aa8c9b9c1ea.jpg,640,640,164944,12
train,DSC_6127_JPG_jpg.rf.618b463778eb8c4ac1ac6355926833ca.jpg,640,640,167331,12
train,DSC_6127_JPG_jpg.rf.896f26e8bc294d15f6175677987fcfab.jpg,640,640,111475,12
train,DSC_6127_JPG_jpg.rf.8baf0a29bb15f4547af48c4998981aa0.jpg,640,640,166687,12
train,DSC_6127_JPG_jpg.rf.ed6932ebf8cff03a14be46ac323f312d.jpg,640,640,133752,12
train,DSC_6129_JPG_jpg.rf.7943fc25ca7fb3f4527eca76275b1b76.jpg,640,640,173886,13
train,DSC_6129_JPG_jpg.rf.83995a54efe005e962a8b240057d6915.jpg,640,640,153453,13
train,DSC_6129_JPG_jpg.rf.841941bf9389d2f9eb4d9d35d1eb9fb3.jpg,640,640,168572,13
train,DSC_6129_JPG_jpg.rf.c07ef06bdf5664c3d1dbee590932b488.jpg,640,640,170690,13
train,DSC_6129_JPG_jpg.rf.c9783501fb9dcec307e1aebd11a60c91.jpg,640,640,154127,13
train,DSC_6129_JPG_jpg.rf.cc4e9cafc5d5e2ddab6f47c4886c0cbf.jpg,640,640,162979,13
train,DSC_6129_JPG_jpg.rf.e3ccf7217d6ce6a2489695206f061331.jpg,640,640,168359,13
train,DSC_6129_JPG_jpg.rf.f0d86ceeca8f0a97833d38b4a3f34c06.jpg,640,640,144631,13
train,DSC_6130_JPG_jpg.rf.0e1fffb5d165195ab13b31e45507e27f.jpg,640,640,158801,15
train,DSC_6130_JPG_jpg.rf.25edd74693cdb14e92ac4c85de464b0d.jpg,640,640,58598,15
train,DSC_6130_JPG_jpg.rf.4e64b28db5df68b6323ca8237268a379.jpg,640,640,143659,15
train,DSC_6130_JPG_jpg.rf.8c64d73da64efc0ba7b766e690cb0195.jpg,640,640,147255,15
train,DSC_6130_JPG_jpg.rf.ab2729e7670463e5f2acf46a4adf0c41.jpg,640,640,161884,15
train,DSC_6130_JPG_jpg.rf.b5c5363893c4dfe0a76c513d8afe45ce.jpg,640,640,152618,15
train,DSC_6130_JPG_jpg.rf.bec57f05789aaaa6d4514a2af624d4a6.jpg,640,640,74578,15
train,DSC_6130_JPG_jpg.rf.cb5e7dc62cd9823e7ea983dd1e1c8c91.jpg,640,640,168587,15
train,DSC_6131_JPG_jpg.rf.02e556dfc16edb04c8958fc28d48fd8a.jpg,640,640,139107,14
train,DSC_6131_JPG_jpg.rf.71f649a34c3f4000a0b8e5da870a366d.jpg,640,640,166635,14
train,DSC_6131_JPG_jpg.rf.77a72e78d25de6d6b7ec6398eade69a7.jpg,640,640,174579,14
train,DSC_6131_JPG_jpg.rf.81be1f3310ce7741239ccfb5d4a2099b.jpg,640,640,173055,14
train,DSC_6131_JPG_jpg.rf.8be740cc94ce425ac7a889a89d736653.jpg,640,640,164369,14
train,DSC_6131_JPG_jpg.rf.8ee30a38d1f7c5c5da446df90f504e86.jpg,640,640,73786,14
train,DSC_6131_JPG_jpg.rf.c563133f27fb13e99e67fca602dc50da.jpg,640,640,73023,14
train,DSC_6131_JPG_jpg.rf.c6e38585a6247f73f41b6626e9a85288.jpg,640,640,153238,14
train,DSC_6132_JPG_jpg.rf.4f6b29d40a4bd784fc6f88cee4397eca.jpg,640,640,155974,13
train,DSC_6132_JPG_jpg.rf.71b75adc6623aad8e8cc6523f677e820.jpg,640,640,149304,13
train,DSC_6132_JPG_jpg.rf.a3b332cb09e82a6415920c58cad295e0.jpg,640,640,88247,13
train,DSC_6132_JPG_jpg.rf.a59e6a5042e2cd09c4c5ffd9b64586d2.jpg,640,640,147500,13
train,DSC_6132_JPG_jpg.rf.a6fcfef90e7b7694d7275bbe8c3f013c.jpg,640,640,161296,13
train,DSC_6132_JPG_jpg.rf.adf80b29714abfa3f2b69a369804a043.jpg,640,640,111138,13
train,DSC_6132_JPG_jpg.rf.bb3642bd7e102de7ddbf965fbda73573.jpg,640,640,111701,13
train,DSC_6132_JPG_jpg.rf.f3ebcf3940842827c3079b9f4daf2a2a.jpg,640,640,133989,13
train,DSC_6133_JPG_jpg.rf.0a60f479d84f63fffd8d6d65a03827f8.jpg,640,640,163783,13
train,DSC_6133_JPG_jpg.rf.5117f2668830675c1b88818fe43ae04b.jpg,640,640,133763,13
train,DSC_6133_JPG_jpg.rf.56b6e367041508e5b791987f59b990e2.jpg,640,640,144224,13
train,DSC_6133_JPG_jpg.rf.6832ac89607026999f9f25584ae0161d.jpg,640,640,155921,13
train,DSC_6133_JPG_jpg.rf.78756be24b296a3d306eac6653cbd2ff.jpg,640,640,101096,13
train,DSC_6133_JPG_jpg.rf.a069b9b59597d8870a5792f2f48edbc1.jpg,640,640,161069,13
train,DSC_6133_JPG_jpg.rf.a29c40e3d850555fe7563645241b7f0b.jpg,640,640,143643,13
train,DSC_6133_JPG_jpg.rf.c82caa7725af236ccf80c882607a7ad7.jpg,640,640,170420,13
train,DSC_6134_JPG_jpg.rf.1ee4e8c3fdb34625861f31cb974fad3a.jpg,640,640,150518,13
train,DSC_6134_JPG_jpg.rf.282215c8571ac0c747f5eb9b4dff9f71.jpg,640,640,157040,13
train,DSC_6134_JPG_jpg.rf.42620d7abcfb397bc44c1b23fbae6b38.jpg,640,640,111133,13
train,DSC_6134_JPG_jpg.rf.6f866565b9989f91f9925525d809553f.jpg,640,640,164144,13
train,DSC_6134_JPG_jpg.rf.7fbc8a8b4e108297c06ee13672b2eb9e.jpg,640,640,154335,13
train,DSC_6134_JPG_jpg.rf.be6f48d6e402b2854d1aa7437385d4f2.jpg,640,640,73345,13
train,DSC_6134_JPG_jpg.rf.e4320586da71c6dabcbae7f41477f1a3.jpg,640,640,111778,13
train,DSC_6134_JPG_jpg.rf.eb7a9a7dd77e851ec8d254bb34049f8b.jpg,640,640,111666,13
train,DSC_6135_JPG_jpg.rf.39a0f5e223a4645962c0843cc59ee4ed.jpg,640,640,159127,12
train,DSC_6135_JPG_jpg.rf.4d1850f27642057f97ae39a8f11cb2de.jpg,640,640,87746,12
train,DSC_6135_JPG_jpg.rf.720660dd42e4e51f450bec1ffd30212b.jpg,640,640,70858,12
train,DSC_6135_JPG_jpg.rf.73ee977029779bd01ff7f214087d417c.jpg,640,640,167784,12
train,DSC_6135_JPG_jpg.rf.b91e970711a03401886a16900e2639a4.jpg,640,640,156948,12
train,DSC_6135_JPG_jpg.rf.bc37bc78208835694a2035766dbdc6bd.jpg,640,640,128062,12
train,DSC_6135_JPG_jpg.rf.cc9193f826a3a0d21a2527eb11b57cfe.jpg,640,640,164282,12
train,DSC_6135_JPG_jpg.rf.e93507e9226bf991009883e440798889.jpg,640,640,55894,12
train,DSC_6136_JPG_jpg.rf.2d005f6a286392197786ba9922898715.jpg,640,640,100998,11
train,DSC_6136_JPG_jpg.rf.566143ce7e6296d9992f01056d265a91.jpg,640,640,100039,11
train,DSC_6136_JPG_jpg.rf.6978f952976edbb18a9105b1f1d3540d.jpg,640,640,164334,11
train,DSC_6136_JPG_jpg.rf.76395955dfec3de11ef6fe9a050d514d.jpg,640,640,157288,11
train,DSC_6136_JPG_jpg.rf.774cf05fa97ddcbcd5896993b4be6c8b.jpg,640,640,169187,11
train,DSC_6136_JPG_jpg.rf.a4fd5fd794f4950867b97d7aa4543cfb.jpg,640,640,87268,11
train,DSC_6136_JPG_jpg.rf.b8dd5d457b31a4d8db260f5122821cd8.jpg,640,640,156765,11
train,DSC_6136_JPG_jpg.rf.c4a52fbbdc4ddd1559df657ca8044d90.jpg,640,640,109322,11
train,DSC_6137_JPG_jpg.rf.1b92cfe7838d8d1f6825fef2d35acac6.jpg,640,640,71677,11
train,DSC_6137_JPG_jpg.rf.36213acb801fdb33f3a87977f358554d.jpg,640,640,166172,11
train,DSC_6137_JPG_jpg.rf.5c363f3dc5a45904725d34bd1c057772.jpg,640,640,35640,11
train,DSC_6137_JPG_jpg.rf.74a74098b00a31b91b478998c78f0f4c.jpg,640,640,35640,11
train,DSC_6137_JPG_jpg.rf.b1aa77968fc2fc178a99755a22572ed2.jpg,640,640,159596,11
train,DSC_6137_JPG_jpg.rf.b1b0020b15eb32010dddd8df3cbf496b.jpg,640,640,162190,11
train,DSC_6137_JPG_jpg.rf.c80d4f097d9e22d02d026e6a968d255d.jpg,640,640,171132,11
train,DSC_6137_JPG_jpg.rf.d86d57618b29f171917ae0edfc56f3ed.jpg,640,640,35835,11
train,DSC_6137_JPG_jpg.rf.e40ec56be1153844c5c2054d8ac39c58.jpg,640,640,87442,11
train,DSC_6138_JPG_jpg.rf.0e18438a71ba24b72f5b07c42d476bba.jpg,640,640,134375,11
train,DSC_6138_JPG_jpg.rf.30502365a33cc7f91b44d723396f5f6a.jpg,640,640,162805,11
train,DSC_6138_JPG_jpg.rf.407806ca0d2ad4647caa7d2149d62146.jpg,640,640,126211,11
train,DSC_6138_JPG_jpg.rf.408e00ea871f401fd34bce1cfc302714.jpg,640,640,153543,11
train,DSC_6138_JPG_jpg.rf.6c55536af667475bb7703630ee1f519f.jpg,640,640,127359,11
train,DSC_6138_JPG_jpg.rf.994f4d0e08a2e647f1db2b592ca1d1fb.jpg,640,640,164302,11
train,DSC_6138_JPG_jpg.rf.9a2550316394653c7455b25d6f6e2481.jpg,640,640,102052,11
train,DSC_6138_JPG_jpg.rf.d4cec68463c9a8cc85cb2bec48fdfc5b.jpg,640,640,172680,11
train,DSC_6138_JPG_jpg.rf.e1feaf9bece0842392cd3a52d58d60f0.jpg,640,640,153543,11
train,DSC_6139_JPG_jpg.rf.185666c3488c4cec7518806b665fd178.jpg,640,640,166693,11
train,DSC_6139_JPG_jpg.rf.30e4285099161f906c83e8d5c5b4f17f.jpg,640,640,133377,11
train,DSC_6139_JPG_jpg.rf.564eef29a266865715e0702128c36339.jpg,640,640,110512,11
train,DSC_6139_JPG_jpg.rf.676ad2ca02930281e7bf67348892a2dc.jpg,640,640,112281,11
train,DSC_6139_JPG_jpg.rf.92631f7e66af40f19cbbc230711c8c31.jpg,640,640,168394,11
train,DSC_6139_JPG_jpg.rf.96e5134cb322775c1b23507cbe81a9f5.jpg,640,640,160295,11
train,DSC_6139_JPG_jpg.rf.9a567eca066f45dc3f9ccc584114d738.jpg,640,640,34774,11
train,DSC_6139_JPG_jpg.rf.e397921d568d5a300a09842d510958ca.jpg,640,640,56239,11
train,DSC_6142_JPG_jpg.rf.09d253d87362710acea91826fe2e30aa.jpg,640,640,139218,10
train,DSC_6142_JPG_jpg.rf.442dfb24310e7d2d62134a5899d2e386.jpg,640,640,56056,10
train,DSC_6142_JPG_jpg.rf.55b6952c9d98ba144079692cddcc6bc2.jpg,640,640,155872,10
train,DSC_6142_JPG_jpg.rf.915cc266f897ced252e9c6f136728eab.jpg,640,640,110944,10
train,DSC_6142_JPG_jpg.rf.a5ba1d8360267a3b1850a2ef64e6af61.jpg,640,640,152959,10
train,DSC_6142_JPG_jpg.rf.a9686bd382127b1ee7c4389be2e3e8b9.jpg,640,640,152619,10
train,DSC_6142_JPG_jpg.rf.b8f410fe5807f64685d7e86ee16422cc.jpg,640,640,140966,10
train,DSC_6142_JPG_jpg.rf.c18febb03fa44e0741de85d9e87c0d03.jpg,640,640,159370,10
train,DSC_6143_JPG_jpg.rf.061c615d2e06870fb4ec6271cba83de1.jpg,640,640,158865,11
train,DSC_6143_JPG_jpg.rf.370c36b4b06801bcd77f238d368d5acf.jpg,640,640,127137,11
train,DSC_6143_JPG_jpg.rf.7368812ec4f57c0304cf140266228ef2.jpg,640,640,167178,11
train,DSC_6143_JPG_jpg.rf.8e77d265ff720db621f08574f87b67e0.jpg,640,640,160942,11
train,DSC_6143_JPG_jpg.rf.9ca63581371a8b962aefdd161a62547f.jpg,640,640,167178,11
train,DSC_6143_JPG_jpg.rf.ad141f6abdeb091f6524c3401a07d194.jpg,640,640,167756,11
train,DSC_6143_JPG_jpg.rf.c04f04bfd730289a6ea7205382552c4b.jpg,640,640,164627,11
train,DSC_6143_JPG_jpg.rf.d5e69965930609b19d198c0fb02aaaa8.jpg,640,640,88843,11
train,DSC_6143_JPG_jpg.rf.fb27872055f0c7947d3a31a06b45cf0e.jpg,640,640,168207,11
train,DSC_6144_JPG_jpg.rf.0710fd98edb5e0c365b1bf74df3de955.jpg,640,640,173100,12
train,DSC_6144_JPG_jpg.rf.2f2693188dc28eb59b7decfa149cecf6.jpg,640,640,136499,12
train,DSC_6144_JPG_jpg.rf.43320a026e27e4e85ef01768ccf413dc.jpg,640,640,132123,12
train,DSC_6144_JPG_jpg.rf.4c068a4b4313d601144c89caf46b36b5.jpg,640,640,157844,12
train,DSC_6144_JPG_jpg.rf.83037e018feab4e6fa0a7e01b03e04c4.jpg,640,640,53933,12
train,DSC_6144_JPG_jpg.rf.85cd21f06a16a21bf79b997e58145051.jpg,640,640,166609,12
train,DSC_6144_JPG_jpg.rf.c762a4298b4b0fc9b13007bbd1fb6aa6.jpg,640,640,167700,12
train,DSC_6144_JPG_jpg.rf.cb7c3d4cd2bfae20b1f1176bf797db33.jpg,640,640,128863,12
train,DSC_6146_JPG_jpg.rf.0040f5a90925980b65d5403c3e1246c6.jpg,640,640,137950,11
train,DSC_6146_JPG_jpg.rf.0742c5982c8789b75ebb091d709f780b.jpg,640,640,87627,11
train,DSC_6146_JPG_jpg.rf.160ba7a474e9219033be74d321e03632.jpg,640,640,134640,11
train,DSC_6146_JPG_jpg.rf.327c6648beda0fca88b381ff914356d3.jpg,640,640,56990,11
train,DSC_6146_JPG_jpg.rf.34af1e75662855b0d1afbeb60ae333a7.jpg,640,640,165179,11
train,DSC_6146_JPG_jpg.rf.64c28308df00d5f6ac73d102b1aa66f9.jpg,640,640,35776,11
train,DSC_6146_JPG_jpg.rf.af98c16983e9b98b1f710893d313d5a5.jpg,640,640,88894,11
train,DSC_6146_JPG_jpg.rf.d1b299f967fcf0291532865443e2231d.jpg,640,640,34569,11
train,DSC_6147_JPG_jpg.rf.074735f578977366b756f233c7571fbb.jpg,640,640,139730,12
train,DSC_6147_JPG_jpg.rf.0e9987d13cfe559f68e5d1d073aaea98.jpg,640,640,152843,12
train,DSC_6147_JPG_jpg.rf.395ac9eed96e8e065aafdfeea4a58e5a.jpg,640,640,128466,12
train,DSC_6147_JPG_jpg.rf.7d9aab6e08fb4fbc0de09828dde18fba.jpg,640,640,57443,12
train,DSC_6147_JPG_jpg.rf.87c1e401aa535d5103cd7538220948f7.jpg,640,640,90244,12
train,DSC_6147_JPG_jpg.rf.8c7e36f6c73b99c8642c07b8f501b528.jpg,640,640,152843,12
train,DSC_6147_JPG_jpg.rf.c47345355478e168a75ebbdd3adf057f.jpg,640,640,87947,12
train,DSC_6147_JPG_jpg.rf.d7de2e7e67271d606f6cb63f4253b1bc.jpg,640,640,157088,12
train,DSC_6147_JPG_jpg.rf.d86afa4013e06ef0493f3b9a097c28a7.jpg,640,640,100241,12
train,DSC_6148_JPG_jpg.rf.13ce6888f02f367af5b91d1c980f9cc0.jpg,640,640,169855,12
train,DSC_6148_JPG_jpg.rf.230bb14d11b9afb5e40c9a73d05d5953.jpg,640,640,167168,12
train,DSC_6148_JPG_jpg.rf.3f2fbb70f441ed5e68ba234af94acf14.jpg,640,640,163529,12
train,DSC_6148_JPG_jpg.rf.7d9d0d93361d4aaefb6e47bd09240c2a.jpg,640,640,89948,12
train,DSC_6148_JPG_jpg.rf.9c32d86281ad468312fb04bcd7b2ecb8.jpg,640,640,139852,12
train,DSC_6148_JPG_jpg.rf.ae139d0c3f98dd884b43fc3bd9d5e191.jpg,640,640,74551,12
train,DSC_6148_JPG_jpg.rf.d56e6ec4039a816f53c9de16e9d69db7.jpg,640,640,132650,12
train,DSC_6148_JPG_jpg.rf.de7eb13b61c10c8dbc6f5787bdc498a8.jpg,640,640,165762,12
train,DSC_6149_JPG_jpg.rf.0eedd0965ba879fa02a69e9ef7e41170.jpg,640,640,145085,12
train,DSC_6149_JPG_jpg.rf.0fea0219cdf6ffb8e64ab676fda1eca9.jpg,640,640,164258,12
train,DSC_6149_JPG_jpg.rf.313123794afa5aa9c70bfd39f14fe04e.jpg,640,640,127012,12
train,DSC_6149_JPG_jpg.rf.468c908264d94e0df8b2b535cda0223b.jpg,640,640,125061,12
train,DSC_6149_JPG_jpg.rf.6b9a2050464d49b1b3bfc12c68ea61e0.jpg,640,640,111571,12
train,DSC_6149_JPG_jpg.rf.bf8edac350d19e4dfccc36a00f4c8b9f.jpg,640,640,161920,12
train,DSC_6149_JPG_jpg.rf.cc0c85993e2c95dbae63e85bff79d365.jpg,640,640,170070,12
train,DSC_6149_JPG_jpg.rf.d79f0c7ad89dc09b57aac908444c477c.jpg,640,640,142605,12
train,DSC_6150_JPG_jpg.rf.12a6d78a42b685f2cfd8ad7615384abc.jpg,640,640,162136,11
train,DSC_6150_JPG_jpg.rf.386e0ea5975b72d258b3a470937bf557.jpg,640,640,159782,11
train,DSC_6150_JPG_jpg.rf.69a582a49a1e8b7e82ec3b6609e15cca.jpg,640,640,119215,11
train,DSC_6150_JPG_jpg.rf.70d43a879b5527a0140107ae1cfdaaf5.jpg,640,640,119268,11
train,DSC_6150_JPG_jpg.rf.a99c6599b2ec569807d6f5265b2ae171.jpg,640,640,101991,11
train,DSC_6150_JPG_jpg.rf.aa8eed28f1622b1ee893604be435dd0c.jpg,640,640,140197,11
train,DSC_6150_JPG_jpg.rf.e4dc45ceb032f5be8f2bb32067284301.jpg,640,640,127080,11
train,DSC_6150_JPG_jpg.rf.ecb31eddb6b3d6077ca19165ca3909a6.jpg,640,640,150392,11
train,DSC_6151_JPG_jpg.rf.2f9b0c38536376f155067a1e174ccfe2.jpg,640,640,148836,11
train,DSC_6151_JPG_jpg.rf.44390f32df4cbef7719b751af290e21a.jpg,640,640,74990,11
train,DSC_6151_JPG_jpg.rf.4765843c6f84c69a66707bb85acd77a1.jpg,640,640,161632,11
train,DSC_6151_JPG_jpg.rf.926d028f9c099dd5599f435d41e60583.jpg,640,640,148836,11
train,DSC_6151_JPG_jpg.rf.aafec9b5d7c79a1cdb4bd16519e08507.jpg,640,640,72622,11
train,DSC_6151_JPG_jpg.rf.b2f3b2ab38a13e4807fb8b16387f40d5.jpg,640,640,161850,11
train,DSC_6151_JPG_jpg.rf.ba34f9863696f151ef1bcf77c5ca5547.jpg,640,640,159832,11
train,DSC_6151_JPG_jpg.rf.c56c86fa4ce3c244a64233427a0c25b8.jpg,640,640,143233,11
train,DSC_6151_JPG_jpg.rf.f5929c85140c4536e71bd9ae42811eb5.jpg,640,640,162508,11
train,DSC_6152_JPG_jpg.rf.1d96e8df7045eb161f58b00c13945a28.jpg,640,640,73771,11
train,DSC_6152_JPG_jpg.rf.8eedda31d237f5ee0b5ad4c96a531854.jpg,640,640,174502,11
train,DSC_6152_JPG_jpg.rf.b3125519b8e561daceb2b3c471a4abcd.jpg,640,640,159747,11
train,DSC_6152_JPG_jpg.rf.c8c1bef3fbc1fe8f7b570e6cca2420f3.jpg,640,640,109601,11
train,DSC_6152_JPG_jpg.rf.cab6513c82e909b60c053d2fbcc18c83.jpg,640,640,164892,11
train,DSC_6152_JPG_jpg.rf.cc96cf76614a68c58fc3e4cf3bafb80b.jpg,640,640,151799,11
train,DSC_6152_JPG_jpg.rf.d92c5d15406d5d234048f85ad03fd750.jpg,640,640,72177,11
train,DSC_6152_JPG_jpg.rf.de179cc3e514679784a47b1c2b95a544.jpg,640,640,172394,11
train,DSC_6152_JPG_jpg.rf.eea50d426681ffe5ea1b04b8f1c38709.jpg,640,640,73771,11
train,DSC_6153_JPG_jpg.rf.283dfdf4ca257cb437864e8e13c835f4.jpg,640,640,159399,11
train,DSC_6153_JPG_jpg.rf.454f74908746fa7f447c980b58d53398.jpg,640,640,166046,11
train,DSC_6153_JPG_jpg.rf.72bcfe8eef9615de92251f927399b2e5.jpg,640,640,144031,11
train,DSC_6153_JPG_jpg.rf.76e5c3231817ca9558c8bfd35d03196a.jpg,640,640,169957,11
train,DSC_6153_JPG_jpg.rf.8cce36008acc527effbb0b079a536ec7.jpg,640,640,125950,11
train,DSC_6153_JPG_jpg.rf.9f1e867d80c6c753c6620cbe4100ff4e.jpg,640,640,99412,11
train,DSC_6153_JPG_jpg.rf.a1477b8949249ad6185911ae78d564e0.jpg,640,640,73966,11
train,DSC_6153_JPG_jpg.rf.b126411ca526fefc45eede4025119f60.jpg,640,640,169957,11
train,DSC_6153_JPG_jpg.rf.e59e672e70ea93e1f723fcec408a99cd.jpg,640,640,163929,11
train,DSC_6154_JPG_jpg.rf.004d5e5683b981ba6f68fdaf99ed5c43.jpg,640,640,161459,10
train,DSC_6154_JPG_jpg.rf.04009c00310a63f2bf282ac789c47650.jpg,640,640,133752,10
train,DSC_6154_JPG_jpg.rf.0cda849cc66534ae7a102ff829bf88e3.jpg,640,640,124860,10
train,DSC_6154_JPG_jpg.rf.4ec8ed89e2cb66e7484cb2eea3ae4382.jpg,640,640,148693,10
train,DSC_6154_JPG_jpg.rf.7b8f5b5db500973a402a4acfbda3b30c.jpg,640,640,55613,10
train,DSC_6154_JPG_jpg.rf.7c9acb331b7237e1765b136ac5a2987c.jpg,640,640,171671,10
train,DSC_6154_JPG_jpg.rf.9b553f29dabad754cf753dc01fa381ac.jpg,640,640,139661,10
train,DSC_6154_JPG_jpg.rf.9b61f06aa0f53e97d392b4406a0f4f0d.jpg,640,640,166292,10
train,DSC_6155_JPG_jpg.rf.0d59141f245349fba472ca91682a804c.jpg,640,640,152881,10
train,DSC_6155_JPG_jpg.rf.0e293dfdce9b17d11c8e0f6f47888903.jpg,640,640,159855,10
train,DSC_6155_JPG_jpg.rf.4172e012eb0a20446131630cdc6bd743.jpg,640,640,176018,10
train,DSC_6155_JPG_jpg.rf.4598d342bc52665d275a912537fe04fa.jpg,640,640,156008,10
train,DSC_6155_JPG_jpg.rf.59c626c8b0c0c5c92c152e65fbdc8785.jpg,640,640,118390,10
train,DSC_6155_JPG_jpg.rf.5c0cb6e54db8d6c124c6fa23ac41baee.jpg,640,640,125897,10
train,DSC_6155_JPG_jpg.rf.7d93e3688f155acc0b44d58e96ce23bf.jpg,640,640,160588,10
train,DSC_6155_JPG_jpg.rf.fdd44864733777eea6fa01fcf7959d4f.jpg,640,640,169879,10
train,DSC_6162_JPG_jpg.rf.032925cdee104062fc76bd7d0508528f.jpg,640,640,169785,12
train,DSC_6162_JPG_jpg.rf.1ecef2b2acf0d83e8a665f1002ec18d6.jpg,640,640,151111,12
train,DSC_6162_JPG_jpg.rf.3e325b2c597a17ca359761c2729baff7.jpg,640,640,171716,12
train,DSC_6162_JPG_jpg.rf.712c770c4db846c5aa926195f30b2270.jpg,640,640,167733,12
train,DSC_6162_JPG_jpg.rf.759c84d690129211c46669f51821f23c.jpg,640,640,170642,12
train,DSC_6162_JPG_jpg.rf.a21b8b2c17c515f15d51292bbc2f106d.jpg,640,640,159310,12
train,DSC_6162_JPG_jpg.rf.dfdad4812f452d3ea0dc7f58d5e4dd27.jpg,640,640,89537,12
train,DSC_6162_JPG_jpg.rf.f6769c7812a43da626f673996478a1c8.jpg,640,640,74011,12
train,DSC_6167_JPG_jpg.rf.0ed88f21cc2b7c30b7a5756c056a14e9.jpg,640,640,71721,12
train,DSC_6167_JPG_jpg.rf.1785b31391101c78a75680b4d2f02c1b.jpg,640,640,133566,12
train,DSC_6167_JPG_jpg.rf.5e64d6c45bf1ab1e102c408f419de9b3.jpg,640,640,109938,12
train,DSC_6167_JPG_jpg.rf.72d3bb7a08a20109c7a1eac795982845.jpg,640,640,99526,12
train,DSC_6167_JPG_jpg.rf.90fbb67ce077281ec041d82d99dccaf5.jpg,640,640,162311,12
train,DSC_6167_JPG_jpg.rf.973096d415d47bea798a2af57305965f.jpg,640,640,134489,12
train,DSC_6167_JPG_jpg.rf.ad15c7fea249b08871218317bd4ad3a5.jpg,640,640,143471,12
train,DSC_6167_JPG_jpg.rf.d380169d15266cba9aa3fad5743eeac1.jpg,640,640,170447,12
train,DSC_6175_JPG_jpg.rf.0c5533a27b1ade0bf6b138fe6bed2250.jpg,640,640,152822,13
train,DSC_6175_JPG_jpg.rf.344d5c787db424f8ccec8987b30765b7.jpg,640,640,161172,13
train,DSC_6175_JPG_jpg.rf.6ab28ae212deeafe2b985cc510e3e341.jpg,640,640,125788,13
train,DSC_6175_JPG_jpg.rf.7966ea80b1a5a16c9484afe5468abd49.jpg,640,640,119563,13
train,DSC_6175_JPG_jpg.rf.8de1e7941a0ae7f5c68c94438f9bc9e7.jpg,640,640,144754,13
train,DSC_6175_JPG_jpg.rf.8fd24c779f767661bc565cbc1f7dc62d.jpg,640,640,174517,13
train,DSC_6175_JPG_jpg.rf.914fc71cbd7dcc262df904c282621012.jpg,640,640,89331,13
train,DSC_6175_JPG_jpg.rf.b6dd803fe35718a8b57aa707b9c7dc34.jpg,640,640,143023,13
train,DSC_6183_JPG_jpg.rf.1a91ca3155d73b48e46eb66b469bb5ff.jpg,640,640,133233,11
train,DSC_6183_JPG_jpg.rf.1af258d72a68bee3a6e1a21c94035c48.jpg,640,640,172846,11
train,DSC_6183_JPG_jpg.rf.34c455fcf9a1ee0cc264578d315c4a22.jpg,640,640,111125,11
train,DSC_6183_JPG_jpg.rf.371d86838011ad269217127ab628ea43.jpg,640,640,155732,11
train,DSC_6183_JPG_jpg.rf.4f195a83d69176ebfbe6a7f23bcc883d.jpg,640,640,157492,11
train,DSC_6183_JPG_jpg.rf.750f27118100789c890bed3755138280.jpg,640,640,173502,11
train,DSC_6183_JPG_jpg.rf.bb540a13f4075cb4f209d22ad3dca62c.jpg,640,640,150747,11
train,DSC_6183_JPG_jpg.rf.d15af18d08725908f374268b40e7f859.jpg,640,640,167317,11
train,DSC_6186_JPG_jpg.rf.0235235a7c3e04b1701293d96e802ed1.jpg,640,640,139468,11
train,DSC_6186_JPG_jpg.rf.0ccb8e90bdad8615f66e6d3aa4468795.jpg,640,640,167766,11
train,DSC_6186_JPG_jpg.rf.1474d6f9fe56d92272030f458ada3372.jpg,640,640,158745,11
train,DSC_6186_JPG_jpg.rf.345d17badec748a753ec2c5a922938ba.jpg,640,640,109809,11
train,DSC_6186_JPG_jpg.rf.4ed259ae3beac29665605012ed44038e.jpg,640,640,161785,11
train,DSC_6186_JPG_jpg.rf.569d2f5eb451e250b9fb1a0be4c1aa61.jpg,640,640,141915,11
train,DSC_6186_JPG_jpg.rf.91d1710d4ef29e8fa1e2773d5797c30a.jpg,640,640,171304,11
train,DSC_6186_JPG_jpg.rf.98c95e9de2743c45c862f11ef4f8a447.jpg,640,640,126969,11
train,DSC_6188_JPG_jpg.rf.41f5d6ced5554ca54527e445a769efa3.jpg,640,640,126103,9
train,DSC_6188_JPG_jpg.rf.6db6c60d18454f24079db5eff4bed071.jpg,640,640,155844,9
train,DSC_6188_JPG_jpg.rf.87a9d2386a500cec3bce1f71a495b384.jpg,640,640,147617,9
train,DSC_6188_JPG_jpg.rf.89a8b7d728cdf7226d81ca302e41bdf6.jpg,640,640,158239,9
train,DSC_6188_JPG_jpg.rf.8ac5ff8333c28a93e693827033de140a.jpg,640,640,118103,9
train,DSC_6188_JPG_jpg.rf.983da50cfe8a1738dfa53a0caf948053.jpg,640,640,88330,9
train,DSC_6188_JPG_jpg.rf.af5040897278501cde43bb44b0591aa2.jpg,640,640,70535,9
train,DSC_6188_JPG_jpg.rf.b92e4033e8b7b953bea7909921ab6ff9.jpg,640,640,159005,9
train,DSC_6188_JPG_jpg.rf.ca9f561caf72bd5f87a20df9e92436e1.jpg,640,640,158239,9
train,DSC_6188_JPG_jpg.rf.dba0635cf2c4d6a36f397b253b240c74.jpg,640,640,147617,9
train,DSC_6188_JPG_jpg.rf.f7dfec0b5faf060b9320ad98c0797cc1.jpg,640,640,155844,9
train,DSC_6189_JPG_jpg.rf.212951cf8c9e505d2d75c91f7c2b2740.jpg,640,640,139888,11
train,DSC_6189_JPG_jpg.rf.29d9413ee6f2fa7810c862041e404f49.jpg,640,640,160932,11
train,DSC_6189_JPG_jpg.rf.359714bc20eca382dd445dc20b21f969.jpg,640,640,159805,11
train,DSC_6189_JPG_jpg.rf.44ed3d1f18eea7d0f634b7ec6f7373f3.jpg,640,640,165726,11
train,DSC_6189_JPG_jpg.rf.5f7d78867eee8678f9e208ba133e2ca2.jpg,640,640,161993,11
train,DSC_6189_JPG_jpg.rf.8a17126538797b6ac4aaff447565eb98.jpg,640,640,128576,11
train,DSC_6189_JPG_jpg.rf.8b1db28aac4c45958d0a504131f9f471.jpg,640,640,133349,11
train,DSC_6189_JPG_jpg.rf.e3702273fa6580b385226205293f28e9.jpg,640,640,110317,11
train,DSC_6190_JPG_jpg.rf.0c7d3225a2aa441f0f5ca6e07fbb9acd.jpg,640,640,162525,10
train,DSC_6190_JPG_jpg.rf.6eda31327555fbdda6a3f5d87fbe11a7.jpg,640,640,169050,10
train,DSC_6190_JPG_jpg.rf.8fd4c59f13282830125a4d8069df466c.jpg,640,640,170422,10
train,DSC_6190_JPG_jpg.rf.b931f6bc16877f3d20c37d77467542d5.jpg,640,640,56480,10
train,DSC_6190_JPG_jpg.rf.bc1396c230fba2c484d33f22851c9a95.jpg,640,640,156040,10
train,DSC_6190_JPG_jpg.rf.c40486f45520f99c2c7a40b0623b5b05.jpg,640,640,174138,10
train,DSC_6190_JPG_jpg.rf.c867a50d21c8d4db658f9a2b2c180a25.jpg,640,640,162525,10
train,DSC_6190_JPG_jpg.rf.d6de9f95d22ef3e8806a352192197110.jpg,640,640,148807,10
train,DSC_6190_JPG_jpg.rf.e1d964a04a7d64e34f0730f1e999dfc0.jpg,640,640,120148,10
train,DSC_6190_JPG_jpg.rf.e1e6eaa144d3c1a242586f1c08ec5143.jpg,640,640,148807,10
train,DSC_6191_JPG_jpg.rf.099f4aaed1f286aed81e2f9eaeeeb2fe.jpg,640,640,118963,11
train,DSC_6191_JPG_jpg.rf.1eec09a4fd67249b13a9e7f427799932.jpg,640,640,155750,11
train,DSC_6191_JPG_jpg.rf.62d34709bc242b2fc928636c6d4ed1e7.jpg,640,640,168422,11
train,DSC_6191_JPG_jpg.rf.9fa84925ce6b33824b29265f6d1ef7f8.jpg,640,640,56335,11
train,DSC_6191_JPG_jpg.rf.b5dc2b62fac27d8cfd9a8bef8dc8bb84.jpg,640,640,166495,11
train,DSC_6191_JPG_jpg.rf.bf721a6df277bf350749f29d8facde53.jpg,640,640,56417,11
train,DSC_6191_JPG_jpg.rf.e732ec47faad6d976ea44273fb0dddc7.jpg,640,640,149656,11
train,DSC_6191_JPG_jpg.rf.f98912a97bdb00d02ab113a06488e998.jpg,640,640,111023,11
train,DSC_6192_JPG_jpg.rf.0140a12b39ac7e48b0f9b17dce844b21.jpg,640,640,100315,8
train,DSC_6192_JPG_jpg.rf.07d3f66b93681a6b6db8ebf1333c0cc2.jpg,640,640,99984,8
train,DSC_6192_JPG_jpg.rf.17782627febc1d94492326b698d7b734.jpg,640,640,160423,8
train,DSC_6192_JPG_jpg.rf.2cdd81f03071e7162ca296ae3d159d5c.jpg,640,640,100315,8
train,DSC_6192_JPG_jpg.rf.4ebab4347dc1a68c3a72bb97c7d74829.jpg,640,640,163791,8
train,DSC_6192_JPG_jpg.rf.76a8ae9c46fb4a049e88a51c98dfd950.jpg,640,640,147553,8
train,DSC_6192_JPG_jpg.rf.9543eea68ce06728133a4394da0e4f2c.jpg,640,640,55642,8
train,DSC_6192_JPG_jpg.rf.981492720770af1b0b6bd038a8596a4a.jpg,640,640,170348,8
train,DSC_6192_JPG_jpg.rf.b4aee19b9805e39068895b91eae8cccf.jpg,640,640,160423,8
train,DSC_6192_JPG_jpg.rf.bb9bca1a73aab6d9e047266f53da2dfb.jpg,640,640,153402,8
train,DSC_6193_JPG_jpg.rf.08875590f979cc9b7f63242468148a1c.jpg,640,640,73201,8
train,DSC_6193_JPG_jpg.rf.1c0bbbfa51b46ce90d27beea2579741e.jpg,640,640,118714,8
train,DSC_6193_JPG_jpg.rf.2b7a0a0649cf2eb6ef6b3dfc8af234aa.jpg,640,640,118820,8
train,DSC_6193_JPG_jpg.rf.59833cfcc318c92a7ba62e68d380a502.jpg,640,640,57187,8
train,DSC_6193_JPG_jpg.rf.8d6adc4959daeb5a523ebd84bc597480.jpg,640,640,98965,8
train,DSC_6193_JPG_jpg.rf.bf1f3a311dbf0ebe2339ba52deb11edc.jpg,640,640,170173,8
train,DSC_6193_JPG_jpg.rf.ca81ecf0d69ead35e7ee0d666db61c63.jpg,640,640,165408,8
train,DSC_6193_JPG_jpg.rf.ccc55377c85c0950403a7ffe2d4126e6.jpg,640,640,152731,8
train,DSC_6194_JPG_jpg.rf.2ebf0390577a07a0771d2d65e44fef33.jpg,640,640,163836,9
train,DSC_6194_JPG_jpg.rf.46b44f00436220321a983808e45ef369.jpg,640,640,71722,9
train,DSC_6194_JPG_jpg.rf.8b6185e7c7c5606d7c7bcce7cbdb0b6c.jpg,640,640,163958,9
train,DSC_6194_JPG_jpg.rf.8f804fd22cfa250254b09de1bc3ca7fa.jpg,640,640,98751,9
train,DSC_6194_JPG_jpg.rf.9557bf2c0616a2d3fe5b1a32540d49be.jpg,640,640,88425,9
train,DSC_6194_JPG_jpg.rf.c376840dc8f4a45d59eeba4d08a4d62d.jpg,640,640,35379,9
train,DSC_6194_JPG_jpg.rf.d34e3d58b287bab8f7efa2f42220b000.jpg,640,640,109959,9
train,DSC_6194_JPG_jpg.rf.dc5fe21edde7656e6a9b91f7cb99722f.jpg,640,640,162255,9
train,DSC_6195_JPG_jpg.rf.0605572265b7531600312bc37a1a4e1e.jpg,640,640,120454,9
train,DSC_6195_JPG_jpg.rf.25252e51f27f2ba81373445533b45285.jpg,640,640,57643,9
train,DSC_6195_JPG_jpg.rf.40d978c0a1eb5a103d97492a16be3ec8.jpg,640,640,161802,9
train,DSC_6195_JPG_jpg.rf.498d0ca48fc3209aca2e9ce703eb469c.jpg,640,640,126132,9
train,DSC_6195_JPG_jpg.rf.9dbed2cdffdd8b35fe714b9a82331342.jpg,640,640,139372,9
train,DSC_6195_JPG_jpg.rf.a552239ff859f011a092b5e23c68e9f1.jpg,640,640,150376,9
train,DSC_6195_JPG_jpg.rf.b602a5951e9628de90e592ac4bbbb77e.jpg,640,640,118203,9
train,DSC_6195_JPG_jpg.rf.fc94cd16fd80efba20fc4320b4d62c9c.jpg,640,640,164879,9
train,DSC_6196_JPG_jpg.rf.22489766946b672f7843859acaf83b8d.jpg,640,640,169438,10
train,DSC_6196_JPG_jpg.rf.30a78c11ed652a70de7f89b0762ed2d1.jpg,640,640,171412,10
train,DSC_6196_JPG_jpg.rf.350ef3ebc666d1ec77582cf20c1d0569.jpg,640,640,117995,10
train,DSC_6196_JPG_jpg.rf.5c9709f675f61b1663b63ce9219b6e11.jpg,640,640,168663,10
train,DSC_6196_JPG_jpg.rf.904b55f4d77c7bf4f6ecf29c9b1a22b2.jpg,640,640,57355,10
train,DSC_6196_JPG_jpg.rf.d241ed32ef418f9977d4996d192b81c7.jpg,640,640,75417,10
train,DSC_6196_JPG_jpg.rf.e156e2364c9999beeef3db181d3b4d08.jpg,640,640,127613,10
train,DSC_6196_JPG_jpg.rf.e585a29aa8ab8964ac47d8da76521f77.jpg,640,640,110903,10
train,DSC_6197_JPG_jpg.rf.3246d7540efc7b9e90c99d1949c30b66.jpg,640,640,136814,11
train,DSC_6197_JPG_jpg.rf.3cd95821cc923fff0edf77ff0a4def0f.jpg,640,640,152255,11
train,DSC_6197_JPG_jpg.rf.43646e72da60c3f608b22b885b41a75a.jpg,640,640,101152,11
train,DSC_6197_JPG_jpg.rf.6dd96ea0cd7c8733874e56bf4adb1214.jpg,640,640,145114,11
train,DSC_6197_JPG_jpg.rf.84bdf412e2a8a281d41e03f742c06b66.jpg,640,640,126304,11
train,DSC_6197_JPG_jpg.rf.b76ccaa5e0b62c4864cc723a44424ee5.jpg,640,640,159223,11
train,DSC_6197_JPG_jpg.rf.ca57b0023bab61588579a52f6b5bee50.jpg,640,640,99863,11
train,DSC_6197_JPG_jpg.rf.f6550e28e82a9330bd40fc994a985eee.jpg,640,640,100232,11
train,DSC_6199_JPG_jpg.rf.3735783d53eb2c760e868e4c4114d074.jpg,640,640,55115,10
train,DSC_6199_JPG_jpg.rf.87d686605b97dd34ae1efdd6857e3f83.jpg,640,640,87972,10
train,DSC_6199_JPG_jpg.rf.a19ab46d171660805f867177493b8a16.jpg,640,640,110439,10
train,DSC_6199_JPG_jpg.rf.a9991f33e2e87ea72ba038bc614c5a77.jpg,640,640,152307,10
train,DSC_6199_JPG_jpg.rf.b0d7923c6f8c8ab179460fc3713a3ea8.jpg,640,640,35172,10
train,DSC_6199_JPG_jpg.rf.b5fd98102be6e057274cb18c91f9c05c.jpg,640,640,166048,10
train,DSC_6199_JPG_jpg.rf.ba3bfee7540089006eb7483210ff0db7.jpg,640,640,55575,10
train,DSC_6199_JPG_jpg.rf.c1df2b578b7cac1cf9e000fb1fb5dda7.jpg,640,640,172507,10
train,DSC_6200_JPG_jpg.rf.15b2f5899822c4125d3d2c14ca0d2d76.jpg,640,640,169969,11
train,DSC_6200_JPG_jpg.rf.29ad6f059c384f863170b07141862f76.jpg,640,640,118327,11
train,DSC_6200_JPG_jpg.rf.2bc82a84ebf2013ccd54f370a524e8e7.jpg,640,640,153332,11
train,DSC_6200_JPG_jpg.rf.44e07b14ac9fdaf12d8da3a769cf05d3.jpg,640,640,117384,11
train,DSC_6200_JPG_jpg.rf.8023447e18540c5f0116ef31f2184164.jpg,640,640,150289,11
train,DSC_6200_JPG_jpg.rf.99ec97352f8a6e502a7b9b5618d45c03.jpg,640,640,73273,11
train,DSC_6200_JPG_jpg.rf.c7a9bc2b318d81fca48c12ee5437f8de.jpg,640,640,162030,11
train,DSC_6200_JPG_jpg.rf.c9a75cc006f298541f7f181a59c63ff7.jpg,640,640,166113,11
train,DSC_6201_JPG_jpg.rf.2777771dd926bd3f40e2d1c20575660d.jpg,640,640,149404,10
train,DSC_6201_JPG_jpg.rf.50bc676ddd7451452a4f81f8126a16a5.jpg,640,640,110547,10
train,DSC_6201_JPG_jpg.rf.5d13c0fbf20c9d371ad00ff4c985cc4e.jpg,640,640,170608,10
train,DSC_6201_JPG_jpg.rf.8629e7f3719bf57c293595e895d311a0.jpg,640,640,151945,10
train,DSC_6201_JPG_jpg.rf.891eff58a1684e4236803ee9aa6525d3.jpg,640,640,151588,10
train,DSC_6201_JPG_jpg.rf.b4a734c28d32e5613373a428fe954bd1.jpg,640,640,162289,10
train,DSC_6201_JPG_jpg.rf.d1e37763234b3fd2d745ad008ae3d896.jpg,640,640,56522,10
train,DSC_6201_JPG_jpg.rf.d954af6937b649c4bbf8d3fbf7473a6e.jpg,640,640,167833,10
train,DSC_6203_JPG_jpg.rf.2f420d699f0ca85cd662906d06571840.jpg,640,640,161135,10
train,DSC_6203_JPG_jpg.rf.3d43d66d74c69e916803f9c6dc65f718.jpg,640,640,89734,10
train,DSC_6203_JPG_jpg.rf.4b1f77e234ab716290a89ce407026d61.jpg,640,640,169824,10
train,DSC_6203_JPG_jpg.rf.6d4b27c50dfda190274007c9fca23534.jpg,640,640,35439,10
train,DSC_6203_JPG_jpg.rf.87bec2eb26a64facc057f719dc21183c.jpg,640,640,153242,10
train,DSC_6203_JPG_jpg.rf.aa66c83817f0f5d14015fe0710de784e.jpg,640,640,74838,10
train,DSC_6203_JPG_jpg.rf.c1fa566451089f39adce6a49c2074d50.jpg,640,640,140393,10
train,DSC_6203_JPG_jpg.rf.d41233d58d796a1b42f311607902f905.jpg,640,640,157959,10
train,DSC_6204_JPG_jpg.rf.0bb40a787e20a264502f286c7325ac87.jpg,640,640,127641,9
train,DSC_6204_JPG_jpg.rf.0f50ca2f48f5b4e84642c6a4d9b4ec4e.jpg,640,640,99177,9
train,DSC_6204_JPG_jpg.rf.3762a36f6391030164f15d52e29eaf43.jpg,640,640,146701,9
train,DSC_6204_JPG_jpg.rf.3d8654ffdec685f8b9e367765ba22674.jpg,640,640,121073,9
train,DSC_6204_JPG_jpg.rf.440404c1886a02a67e20083942390e34.jpg,640,640,167025,9
train,DSC_6204_JPG_jpg.rf.58bbb4654873987313a41cfde9f2585f.jpg,640,640,101720,9
train,DSC_6204_JPG_jpg.rf.8c400672fa150a49ec8859e80b16ae96.jpg,640,640,139649,9
train,DSC_6204_JPG_jpg.rf.9859889c7dc89e61a8a5eff4fa5ccd99.jpg,640,640,167010,9
train,DSC_6205_JPG_jpg.rf.1692b93aa3a793291962d2cf17f9f083.jpg,640,640,126960,8
train,DSC_6205_JPG_jpg.rf.19fe87a7ad70b9bed7b72f356020fff1.jpg,640,640,120185,8
train,DSC_6205_JPG_jpg.rf.9e0887dbffc4cb89f09e31108176fb4d.jpg,640,640,163758,8
train,DSC_6205_JPG_jpg.rf.9ea96dd65dc47754e40d745b1fee8e66.jpg,640,640,162636,8
train,DSC_6205_JPG_jpg.rf.a899afad2bc5af67ce7740fd7e89daa2.jpg,640,640,166449,8
train,DSC_6205_JPG_jpg.rf.a96f08ea1a105318e7118cade6691363.jpg,640,640,138355,8
train,DSC_6205_JPG_jpg.rf.ebf80d58fe1e315dd0aaee33af4f8af1.jpg,640,640,143931,8
train,DSC_6205_JPG_jpg.rf.fb16aa4addec94041791cf9e72d653b3.jpg,640,640,133641,8
train,DSC_6206_JPG_jpg.rf.3e6f978ffaa88367443beba7bfd33d3f.jpg,640,640,163111,7
train,DSC_6206_JPG_jpg.rf.5f9099fba36fc0ad2863aaa6222a1f89.jpg,640,640,110223,7
train,DSC_6206_JPG_jpg.rf.67d1c7638ae1fc8d97a10e53aabcd7fd.jpg,640,640,164240,7
train,DSC_6206_JPG_jpg.rf.985bde7f2921617cdf447cf45f8ff1e5.jpg,640,640,164724,7
train,DSC_6206_JPG_jpg.rf.d2ecea6b2593e675554315376db6a230.jpg,640,640,150497,7
train,DSC_6206_JPG_jpg.rf.d89063f731f2904daeacc25453e00874.jpg,640,640,169141,7
train,DSC_6206_JPG_jpg.rf.f0dc63ffc5341647dfa1dbbab2203ab3.jpg,640,640,143713,7
train,DSC_6206_JPG_jpg.rf.fbd5ad3ab87731202ca0f512af85fc02.jpg,640,640,160594,7
valid,DSC_5677_JPG_jpg.rf.e4f58d1844492f49f2ac3b48bfd13db6.jpg,640,640,40065,15
valid,DSC_5678_JPG_jpg.rf.0c5caac7342ce2eaedf2b3c1d2f352d5.jpg,640,640,37939,13
valid,DSC_5679_JPG_jpg.rf.09664cd2e32ae13acd17c9aea190f4c8.jpg,640,640,37341,12
valid,DSC_5683_JPG_jpg.rf.75a31746d2be9f2a0325e50f028c2d1c.jpg,640,640,35977,14
valid,DSC_5686_JPG_jpg.rf.0101b7b202c5e6d75c4ab12d685f87c8.jpg,640,640,38124,15
valid,DSC_5703_JPG_jpg.rf.cada7d515f424deae0b756dfc0167936.jpg,640,640,36641,11
valid,DSC_5704_JPG_jpg.rf.089dd7150866d8d73699f54d9dcf7655.jpg,640,640,37396,12
valid,DSC_5705_JPG_jpg.rf.7868b816da2ecd21432955aa95b1123f.jpg,640,640,37051,11
valid,DSC_5730_JPG_jpg.rf.96b92df59738a82279cb01e73bfadee4.jpg,640,640,37653,13
valid,DSC_5733_JPG_jpg.rf.f47e2b355bd8697da5a02e26237f131e.jpg,640,640,38399,12
valid,DSC_5736_JPG_jpg.rf.343523364fc9982d71d70b3bfe5742c1.jpg,640,640,37293,13
valid,DSC_5738_JPG_jpg.rf.9b86bc4f2d87c468099372a061276138.jpg,640,640,39127,12
valid,DSC_5740_JPG_jpg.rf.f88d68f965760d1b07c1226c86821d7a.jpg,640,640,38682,13
valid,DSC_5743_JPG_jpg.rf.7e5a60e3e7f36954c417e435893da02a.jpg,640,640,36527,12
valid,DSC_5745_JPG_jpg.rf.404e1ca1fee0ebb48b8b632dc88c9c62.jpg,640,640,38124,13
valid,DSC_5746_JPG_jpg.rf.ec0efddac3431c95ef6d3c92f0acdbf6.jpg,640,640,37827,13
valid,DSC_5748_JPG_jpg.rf.a4dccf993af4a31ee44425f1b54bdaff.jpg,640,640,36400,11
valid,DSC_5750_JPG_jpg.rf.997189acb04876c4fbdec7551be21b38.jpg,640,640,38313,12
valid,DSC_5754_JPG_jpg.rf.95cd023253691c9ed769666f67774c44.jpg,640,640,34940,10
valid,DSC_5755_JPG_jpg.rf.ef6e84d6213639cff1a51d52f63a7b99.jpg,640,640,35714,10
valid,DSC_5757_JPG_jpg.rf.49c43c23d057da802201d323fc81037d.jpg,640,640,33922,11
valid,DSC_5769_JPG_jpg.rf.f6d707e65420401f5ee2d61bfcedecc9.jpg,640,640,36593,12
valid,DSC_5774_JPG_jpg.rf.2cdb1394392c91e4eaafd2d1236e531f.jpg,640,640,36264,12
valid,DSC_5780_JPG_jpg.rf.39efa7c923d11d1d243bd05f89257565.jpg,640,640,34237,7
valid,DSC_5787_JPG_jpg.rf.834a1086c94030fb8259f5ca8e6c2a03.jpg,640,640,40011,16
valid,DSC_5790_JPG_jpg.rf.252fe3f7d5da8e92845dd441dd51b0f0.jpg,640,640,40987,18
valid,DSC_5796_JPG_jpg.rf.593459deff0f4ff26a36029cbbb1cdcf.jpg,640,640,43265,25
valid,DSC_5800_JPG_jpg.rf.d7153f435b8377e3fdc75a650dfdf550.jpg,640,640,43430,22
valid,DSC_5804_JPG_jpg.rf.3c94ad1c2d8ff0c9c94f92c89f3d6666.jpg,640,640,44380,25
valid,DSC_5809_JPG_jpg.rf.47f66c9dd3b1ba672b25f027bc53ed6a.jpg,640,640,39431,18
valid,DSC_5812_JPG_jpg.rf.90a92172a8b6e34c2a0a45ee8646fe15.jpg,640,640,36774,11
valid,DSC_5825_JPG_jpg.rf.447cf4f3317f3aea0cc3d1e617bbf5c3.jpg,640,640,37697,15
valid,DSC_5940_JPG_jpg.rf.a33b78279c82b1c324a2a0c2245beba7.jpg,640,640,36688,13
valid,DSC_5944_JPG_jpg.rf.ced3513dc543f13f5f3b83626ff3ffb6.jpg,640,640,36253,12
valid,DSC_5948_JPG_jpg.rf.abc2db01f68c1d8962e4d429aa13fa68.jpg,640,640,36177,11
valid,DSC_5952_JPG_jpg.rf.9792b8d82b4b6b43bf3d153c453203c7.jpg,640,640,35900,11
valid,DSC_5953_JPG_jpg.rf.4a0b1e9ca73330dc11c5b49f00e995b0.jpg,640,640,35280,11
valid,DSC_5955_JPG_jpg.rf.61d55b9f6a05f8a34bb2205b9a657b92.jpg,640,640,35704,9
valid,DSC_5956_JPG_jpg.rf.a1dbc00f84dce05f3e5e88ca11179fab.jpg,640,640,35642,8
valid,DSC_5958_JPG_jpg.rf.c6e47e0affb3cedab5d4d4b9142baa90.jpg,640,640,39498,12
valid,DSC_5961_JPG_jpg.rf.8e0ba82d9a7f2d5ff66667404fff11d8.jpg,640,640,37537,13
valid,DSC_5988_JPG_jpg.rf.6c488a7b952cedc8356ede8ab73f3954.jpg,640,640,36409,11
valid,DSC_5993_JPG_jpg.rf.c61f0c4b6fe9ef99ba2515db123e097a.jpg,640,640,35704,10
valid,DSC_5995_JPG_jpg.rf.a574549b9f1e02e02d070b5e835e2bb2.jpg,640,640,34325,9
valid,DSC_5996_JPG_jpg.rf.2a6782a4b9214b0671f08eb7ad05c845.jpg,640,640,33275,11
valid,DSC_6006_JPG_jpg.rf.15c530989004226f564f743278c77766.jpg,640,640,37486,13
valid,DSC_6015_JPG_jpg.rf.4fd9440ad7d0b0cc2682405e1ecdf1b2.jpg,640,640,37284,11
valid,DSC_6018_JPG_jpg.rf.8a23338619b1117c23b1897b80f28001.jpg,640,640,37034,10
valid,DSC_6019_JPG_jpg.rf.eca4e3982592d6f4c595174f7b8d5a48.jpg,640,640,35972,10
valid,DSC_6020_JPG_jpg.rf.0c267b8bdeca819644f041bb978d63f2.jpg,640,640,35928,10
valid,DSC_6022_JPG_jpg.rf.9d2b41108dc8b83965407856a08941eb.jpg,640,640,36283,11
valid,DSC_6026_JPG_jpg.rf.ce60ce116787d166870873a9f89c491c.jpg,640,640,36620,12
valid,DSC_6028_JPG_jpg.rf.712d5778974ea9bbbbf4868c7b439f34.jpg,640,640,36354,11
valid,DSC_6030_JPG_jpg.rf.cadb6e4ac49fb982ecd2af17e4b218bd.jpg,640,640,35161,10
valid,DSC_6037_JPG_jpg.rf.8b07e3874a984ce2a70cb374e2d84e3b.jpg,640,640,37257,13
valid,DSC_6042_JPG_jpg.rf.61e7728951fe790e0681b0984c94b03d.jpg,640,640,38197,12
valid,DSC_6051_JPG_jpg.rf.e1239b6c09f77c002fff8e8784888f00.jpg,640,640,36172,12
valid,DSC_6053_JPG_jpg.rf.e9b023a281a24b6f5697432d7c885bfd.jpg,640,640,37769,12
valid,DSC_6057_JPG_jpg.rf.8bed5573ef074cf8d901278a894ac7eb.jpg,640,640,37444,12
valid,DSC_6061_JPG_jpg.rf.af1f405c11a7a1e9802899863062f2f6.jpg,640,640,36397,10
valid,DSC_6068_JPG_jpg.rf.7b45010757df917b581e8c843c88e597.jpg,640,640,35050,12
valid,DSC_6070_JPG_jpg.rf.e9dab11da6c64ad866923fa0ef082ca8.jpg,640,640,35962,12
valid,DSC_6071_JPG_jpg.rf.81bbe3c43ec183ce831a94660a596c1d.jpg,640,640,35895,12
valid,DSC_6075_JPG_jpg.rf.d3a4bdcf911db43d29089ef168ec904a.jpg,640,640,37381,11
valid,DSC_6081_JPG_jpg.rf.6b3a89861027ba81115e3e08b852d1d9.jpg,640,640,35357,9
valid,DSC_6086_JPG_jpg.rf.e58ae28faf9910ced4ed5a39e4209315.jpg,640,640,36174,11
valid,DSC_6087_JPG_jpg.rf.642dbafee3a4b0b26296b1172ce2f67e.jpg,640,640,35954,11
valid,DSC_6088_JPG_jpg.rf.9ff60a36045261aa37f71a7736d1a007.jpg,640,640,37290,12
valid,DSC_6094_JPG_jpg.rf.edd7ce425b91625766bd95f058dea58e.jpg,640,640,37318,14
valid,DSC_6101_JPG_jpg.rf.db93106261cdafb62e4152db4ce42617.jpg,640,640,36625,11
valid,DSC_6102_JPG_jpg.rf.936120fb0a6f4d196be7c74ca0578059.jpg,640,640,36522,11
valid,DSC_6103_JPG_jpg.rf.8008393287f2638676910b11efe143c4.jpg,640,640,37062,12
valid,DSC_6109_JPG_jpg.rf.a62f23e5abf29d16e00604a93c147c60.jpg,640,640,38206,14
valid,DSC_6114_JPG_jpg.rf.380ae9b5dbf6a0859f254b0c139c8444.jpg,640,640,38106,12
valid,DSC_6117_JPG_jpg.rf.d2c008f20ee9d69154bdd5b14820ccb2.jpg,640,640,37701,12
valid,DSC_6128_JPG_jpg.rf.69a8b755b14556029359abe22122e6e7.jpg,640,640,36741,13
valid,DSC_6141_JPG_jpg.rf.b52e3e0e6ccf8463cf48c4bf3cdda824.jpg,640,640,36407,12
valid,DSC_6145_JPG_jpg.rf.a62eff3615e8bcb10adc17fff8f08455.jpg,640,640,36138,11
valid,DSC_6156_JPG_jpg.rf.8de8eece91edd41b7d6cd1b56f82186c.jpg,640,640,35915,11
valid,DSC_6157_JPG_jpg.rf.8bbb5b9e916995c26ff78b28fc89b696.jpg,640,640,35299,11
valid,DSC_6158_JPG_jpg.rf.bca4a02870cdbbcd3930962552b57d8f.jpg,640,640,35518,11
valid,DSC_6159_JPG_jpg.rf.cbcb6ac4a0ad95341a8ec614f64a0dd9.jpg,640,640,35440,11
valid,DSC_6160_JPG_jpg.rf.1965bc2a55450d8f60f8ce489d8ec068.jpg,640,640,35484,12
valid,DSC_6163_JPG_jpg.rf.8526f719da23e9f751bf22c5d6d2c74c.jpg,640,640,37369,13
valid,DSC_6164_JPG_jpg.rf.314c3b73e766b906ee8f160457bba8db.jpg,640,640,35148,10
valid,DSC_6165_JPG_jpg.rf.bd9c280df62807f9ffc05f8019e1b8df.jpg,640,640,36469,11
valid,DSC_6166_JPG_jpg.rf.f95e2b47d5d1e5a1d081ac7aa35cef7b.jpg,640,640,36550,11
valid,DSC_6168_JPG_jpg.rf.9c7269b0cfd3ce41d689cef896b2d9e5.jpg,640,640,36317,12
valid,DSC_6169_JPG_jpg.rf.3e86517ebc229c48d5bb3e4035682d55.jpg,640,640,35357,10
valid,DSC_6170_JPG_jpg.rf.0306c158999c552e95b543f0cd5a08ea.jpg,640,640,35875,10
valid,DSC_6171_JPG_jpg.rf.de613a8e818682202d0ed7abb7c693b7.jpg,640,640,36505,11
valid,DSC_6172_JPG_jpg.rf.78b80e42c24c7a3637291f2916e5c17f.jpg,640,640,35629,11
valid,DSC_6173_JPG_jpg.rf.3ea87ce122245723b52b15e7d2df9957.jpg,640,640,35126,11
valid,DSC_6174_JPG_jpg.rf.c4afbdc8657dbd736e24d7c42bc64063.jpg,640,640,36725,12
valid,DSC_6176_JPG_jpg.rf.53037a5bd6d166434f0c7f723c6d7e3d.jpg,640,640,36416,10
valid,DSC_6178_JPG_jpg.rf.c066f2758e0077ae7ef2066e7da5f489.jpg,640,640,34534,9
valid,DSC_6179_JPG_jpg.rf.d5480b880beda530526ccbb759cb7a30.jpg,640,640,33953,9
valid,DSC_6180_JPG_jpg.rf.1919b427d29cf3cd9ad570baf5dfad66.jpg,640,640,33573,9
valid,DSC_6181_JPG_jpg.rf.ad6741574766ce4cb822666abd6ca7d4.jpg,640,640,32972,9
valid,DSC_6182_JPG_jpg.rf.29d6fc6b8667e8489bd7454c398a0498.jpg,640,640,33881,10
valid,DSC_6184_JPG_jpg.rf.94c00a01ed823112215dbfdd64a52f59.jpg,640,640,34156,11
valid,DSC_6185_JPG_jpg.rf.30a6ba29aa21c169d23fc251417b970a.jpg,640,640,34720,12
valid,DSC_6187_JPG_jpg.rf.c890e72d775a1d5da271f73f7dda6bee.jpg,640,640,34167,9
test,DSC_5941_JPG_jpg.rf.1f0a2ddc44f21868529cd990ca0b88fd.jpg,640,640,35447,12
test,DSC_5945_JPG_jpg.rf.fd5323e022eb364e3433814f6152d120.jpg,640,640,37842,12
test,DSC_5959_JPG_jpg.rf.6b6d74d70497ad4bca29b136d0e701e5.jpg,640,640,38781,12
test,DSC_5966_JPG_jpg.rf.39474aad2489fc1c210433cd61d5593a.jpg,640,640,38703,12
test,DSC_5968_JPG_jpg.rf.6ef6dea2c128d32e1f4f0b7753a6928a.jpg,640,640,36004,10
test,DSC_5994_JPG_jpg.rf.b496324da3f8be0db9eec33ae6b90f7d.jpg,640,640,34276,10
test,DSC_6021_JPG_jpg.rf.43839846812a1309126f1e3fb037a76a.jpg,640,640,36400,11
test,DSC_6054_JPG_jpg.rf.fc3d88f1f2948b47dcd4ab2f256e55ca.jpg,640,640,37492,14
test,DSC_6059_JPG_jpg.rf.545c1237a86fefb54eb951fcd7023a1b.jpg,640,640,35570,10
test,DSC_6060_JPG_jpg.rf.fb39fa8fbf52ecb6a120a07e7c12d543.jpg,640,640,35872,11
test,DSC_6065_JPG_jpg.rf.6e2252ae7fe7e73d241c368c5582e025.jpg,640,640,37962,13
test,DSC_6067_JPG_jpg.rf.33865f5b477db5f63c3007cc169b6b9d.jpg,640,640,36617,11
test,DSC_6069_JPG_jpg.rf.0265d56eee3b67d71c7a06cf824a0812.jpg,640,640,36584,12
test,DSC_6072_JPG_jpg.rf.b84b6c320d676c0e9cd31bb30509dd1e.jpg,640,640,35921,10
test,DSC_6073_JPG_jpg.rf.b467820e6b96325a05f0e12f41199fa9.jpg,640,640,35462,10
test,DSC_6074_JPG_jpg.rf.439917a3b224a3b9adf66c3962820743.jpg,640,640,36045,10
test,DSC_6076_JPG_jpg.rf.3641037bce58eae9bd1a4878a47e813b.jpg,640,640,36412,12
test,DSC_6077_JPG_jpg.rf.1b98da25c6b6155dd0856a8099f5a82d.jpg,640,640,36771,9
test,DSC_6078_JPG_jpg.rf.34cc797cc19baf71c1b1eb86750a0b8e.jpg,640,640,37610,10
test,DSC_6079_JPG_jpg.rf.0ec48fca5070289e406ef68ca549d324.jpg,640,640,36053,10
test,DSC_6080_JPG_jpg.rf.cc41a7509c49450581ffcb1aa8eec664.jpg,640,640,35346,10
test,DSC_6082_JPG_jpg.rf.09be1163ede12e7fec4326d7e2d2b3be.jpg,640,640,37002,11
test,DSC_6083_JPG_jpg.rf.e8f7dbaae55457bebbaf531bc42ef1cd.jpg,640,640,36222,10
test,DSC_6084_JPG_jpg.rf.5146120c0285f86769be4398e9645819.jpg,640,640,36920,10
test,DSC_6085_JPG_jpg.rf.29c40688078a9d2c5861f0256d92d83f.jpg,640,640,35557,11
test,DSC_6089_JPG_jpg.rf.7ddc6562bb1d9ec39f6b557608b2dffd.jpg,640,640,36153,11
test,DSC_6090_JPG_jpg.rf.d0b83662b37da9b31b04ad8a26a1eb7d.jpg,640,640,35864,11
test,DSC_6091_JPG_jpg.rf.45e84741b5b4e425f066347935a9548d.jpg,640,640,36701,12
test,DSC_6092_JPG_jpg.rf.01eb5431d992f9e4182ffc49a86e5eb1.jpg,640,640,36823,12
test,DSC_6093_JPG_jpg.rf.bcaeafe9e380538cdd0245f286e8e1d9.jpg,640,640,37546,15
test,DSC_6095_JPG_jpg.rf.3343013706e4d0ba8e8dd6e0f542d462.jpg,640,640,37554,13
test,DSC_6096_JPG_jpg.rf.d8367e210646ac4b20dfc05822d43981.jpg,640,640,37699,13
test,DSC_6097_JPG_jpg.rf.ab702a205a77a0957052fcdcd698cbcb.jpg,640,640,37531,13
test,DSC_6098_JPG_jpg.rf.bf22f3cbda0ed64a0394f82aea630c4f.jpg,640,640,37708,13
test,DSC_6099_JPG_jpg.rf.a853c5e842a89795684d5059808b22bf.jpg,640,640,37144,13
test,DSC_6100_JPG_jpg.rf.0dd5c53df24c2d38894c6b3371e29eba.jpg,640,640,36460,13
test,DSC_6104_JPG_jpg.rf.45f61b0187a5983a3b7344002308b923.jpg,640,640,35588,10
test,DSC_6105_JPG_jpg.rf.d1ced5f24766de80e200829dc66aa4a7.jpg,640,640,35750,13
test,DSC_6106_JPG_jpg.rf.92390d2a4c0e1203943d40ba85815eb1.jpg,640,640,37318,14
test,DSC_6107_JPG_jpg.rf.7fe8efbb271ddfd9ac722d01febc5cdc.jpg,640,640,36751,14
test,DSC_6108_JPG_jpg.rf.00302b617cd6b112f9100b2f803b5912.jpg,640,640,36875,14
test,DSC_6110_JPG_jpg.rf.b0b1a35a687d1705c5a6c189d5c556f4.jpg,640,640,37379,12
test,DSC_6111_JPG_jpg.rf.431d001b48a5ff52c2baecdab629568b.jpg,640,640,37283,12
test,DSC_6112_JPG_jpg.rf.85aa6c16a9d057190670557f8ce0cbb1.jpg,640,640,33546,14
test,DSC_6113_JPG_jpg.rf.70fcf40e5da9c8c86dd07588ffd21b5f.jpg,640,640,36890,13
test,DSC_6115_JPG_jpg.rf.1d8ab08da4b928a26f6bcc551c3bd441.jpg,640,640,38238,13
test,DSC_6116_JPG_jpg.rf.8b6c57c6abfae86294529d7c1b77369c.jpg,640,640,37289,14
test,DSC_6118_JPG_jpg.rf.675f7c365becdd9f7638f09ab9524724.jpg,640,640,38622,14
test,DSC_6119_JPG_jpg.rf.9159bec4a4aa53e0a0c17a60a85329e7.jpg,640,640,40188,14
test,DSC_6120_JPG_jpg.rf.93aecd2461d5d617d46862c70c90cba7.jpg,640,640,39919,13
test,DSC_6121_JPG_jpg.rf.23875213a854e7f420732c01cdae7399.jpg,640,640,39500,14
